,PSRC_Rte_ID,SignRt,hour_10,hour_11,hour_12,hour_13,hour_14,hour_15,hour_16,hour_17,hour_18,hour_19,hour_20,hour_21,hour_22,hour_23,hour_24,hour_1,hour_2,hour_3,hour_4,hour_5,hour_6,hour_7,hour_8,hour_9
0,1001,1,96,106,92,100,103,180,246,265,164,90,67,32,24,21,0,0,0,0,0,21,131,296,262,128
1,1002,2,319,283,294,287,417,405,486,447,269,208,162,130,102,60,54,9,0,0,25,118,284,486,452,316
2,1003,3,455,452,485,447,517,538,443,531,278,153,118,111,43,39,13,10,0,0,0,59,361,471,628,422
3,1004,4,258,252,284,260,320,400,448,312,275,169,142,116,90,57,22,6,0,0,9,146,255,615,288,270
4,1005,5,287,407,443,436,404,602,786,618,484,294,231,146,121,67,55,0,0,0,41,146,532,796,516,457
5,1007,7,867,889,944,905,1128,1095,1105,897,561,511,372,299,207,143,54,42,52,22,57,235,700,765,788,829
6,1008,8,536,608,583,591,776,785,871,767,527,370,373,181,105,110,48,0,0,0,12,164,562,943,795,609
7,1009,9,177,186,196,182,202,235,259,145,67,0,0,0,0,0,0,0,0,0,0,48,174,413,216,282
8,1010,10,257,260,283,260,206,372,445,514,293,128,119,79,73,64,24,5,0,0,0,45,162,396,427,296
9,1011,11,157,180,192,222,327,332,352,332,232,155,88,106,40,22,19,11,0,0,25,62,125,343,250,172
10,1012,12,170,177,180,167,227,270,314,290,96,68,41,30,9,6,0,0,0,0,0,27,213,529,422,234
11,1013,13,127,144,162,155,222,269,393,306,177,149,77,96,54,39,6,0,0,0,0,67,151,380,161,106
12,1014,14,137,136,132,146,203,175,238,254,142,106,108,58,23,20,12,7,0,0,0,62,162,245,151,135
13,1015,15,0,0,0,0,0,67,252,212,0,0,0,0,0,0,0,0,0,0,0,0,81,343,83,0
14,1016,16,238,285,272,292,353,343,354,407,211,169,163,108,78,57,20,9,0,0,26,116,199,483,333,268
15,1017,17,0,0,0,0,0,36,140,173,0,0,0,0,0,0,0,0,0,0,0,0,99,275,0,0
16,1018,18,0,0,0,0,0,46,218,172,42,0,0,0,0,0,0,0,0,0,0,0,118,235,78,0
17,1019,19,0,0,0,0,0,31,72,65,0,0,0,0,0,0,0,0,0,0,0,0,44,39,38,0
18,1021,21,209,225,238,234,280,408,535,501,264,169,96,72,66,33,18,10,0,0,28,138,387,553,344,222
19,1022,22,13,11,11,10,19,15,14,10,9,8,4,0,0,0,0,0,0,0,0,0,5,28,6,13
20,1024,24,91,103,111,116,149,173,297,182,157,82,60,25,22,0,0,0,0,0,0,117,199,223,176,114
21,1025,25,36,40,37,44,51,52,34,34,43,0,0,0,0,0,0,0,0,0,0,0,70,53,60,34
22,1026,26,107,101,117,124,126,266,399,440,208,111,100,85,65,40,4,10,0,0,0,59,258,547,357,150
23,1027,27,65,79,87,64,127,97,123,119,50,6,27,25,9,0,0,0,0,0,0,35,78,165,123,79
24,1028,28,104,110,100,143,154,238,551,485,197,142,102,82,59,20,22,0,0,0,24,120,405,519,417,159
25,1029,29,25,0,0,0,0,35,194,215,143,0,0,0,0,0,0,0,0,0,0,0,151,290,164,29
26,1030,30,82,70,74,89,101,88,98,100,77,63,66,57,52,33,11,0,0,0,0,7,56,75,55,54
27,1031,31,110,134,132,121,165,231,182,189,138,45,0,0,0,0,0,0,0,0,0,12,59,205,221,140
28,1032,32,136,124,129,147,165,222,314,191,146,160,138,86,66,31,11,0,0,0,0,21,132,210,187,167
29,1033,33,57,60,54,61,77,120,169,246,54,37,25,23,16,0,0,0,0,0,0,51,194,198,148,85
30,1036,36,624,713,726,745,935,988,1083,717,463,291,222,188,131,65,37,30,19,0,64,232,528,599,594,630
31,1037,37,0,0,0,0,0,0,44,34,0,0,0,0,0,0,0,0,0,0,0,19,51,33,0,0
32,1040,40,430,505,473,563,644,623,721,529,423,272,194,144,114,15,33,0,0,0,0,141,412,642,591,466
33,1041,41,461,497,451,425,590,833,991,966,515,265,247,195,127,57,40,16,0,0,26,181,557,1004,847,444
34,1043,43,361,417,388,423,499,630,719,723,580,374,219,163,119,121,57,22,5,0,0,132,313,518,567,398
35,1044,44,360,385,422,469,434,504,712,712,509,322,241,207,148,91,54,46,0,0,0,81,239,570,440,498
36,1047,47,16,30,34,16,32,25,64,108,76,22,26,15,11,0,0,0,0,0,1,16,58,120,112,57
37,1048,48,594,645,650,632,1250,915,1098,821,566,452,401,323,119,121,16,0,0,0,0,109,622,1101,888,675
38,1049,49,353,419,473,429,520,622,607,596,538,497,379,333,172,124,87,28,22,0,6,62,228,503,510,502
39,1050,50,101,118,122,161,172,159,219,146,95,85,35,32,13,11,0,0,0,0,0,61,239,185,122,102
40,1055,55,0,0,0,0,0,0,137,184,0,0,0,0,0,0,0,0,0,0,0,0,66,197,51,0
41,1056,56,0,0,0,0,0,87,92,90,77,0,0,0,0,0,0,0,0,0,0,20,80,161,75,0
42,1057,57,0,0,0,0,0,34,84,81,0,0,0,0,0,0,0,0,0,0,0,0,40,75,41,0
43,1060,60,318,307,312,348,452,434,438,242,179,156,102,46,26,21,0,0,0,0,20,81,419,373,319,308
44,1061,61,13,17,16,20,22,16,18,16,16,17,10,8,6,0,0,0,0,0,0,0,12,7,12,12
45,1062,62,0,0,0,0,33,34,40,8,0,0,0,0,0,0,0,0,0,0,0,0,41,87,28,19
46,1064,64,0,0,0,0,0,120,185,91,0,0,0,0,0,0,0,0,0,0,0,56,228,145,0,0
47,1065,65,126,148,162,135,235,265,309,277,185,123,127,80,33,20,0,0,0,0,0,36,141,316,295,166
48,1066,66,138,134,108,143,215,301,330,234,94,123,90,46,20,25,14,2,0,0,0,52,169,400,300,155
49,1067,67,95,89,104,93,104,113,150,276,102,95,71,68,0,0,0,0,0,0,0,0,53,151,134,98
50,1068,68,172,188,203,166,199,216,203,160,32,0,0,0,0,0,0,0,0,0,0,0,113,118,226,169
51,1070,70,227,233,279,266,342,448,626,445,274,64,0,0,0,0,0,0,0,0,0,35,174,444,448,342
52,1071,71,258,287,291,292,416,362,392,343,279,267,278,246,182,101,74,0,0,0,25,77,168,309,348,278
53,1072,72,348,310,316,296,336,330,392,285,297,169,164,133,104,67,34,37,0,0,17,173,192,317,346,158
54,1073,73,350,310,491,469,565,492,477,393,285,395,169,89,99,66,11,8,0,0,36,80,170,374,393,361
55,1074,74,0,0,0,0,0,138,188,268,166,0,0,0,0,0,0,0,0,0,0,0,98,199,193,123
56,1075,75,212,172,187,193,354,374,376,359,359,158,167,110,83,58,24,0,0,0,0,76,232,391,281,235
57,1076,76,0,0,0,0,0,52,194,229,46,0,0,0,0,0,0,0,0,0,0,28,107,354,92,0
58,1077,77,0,0,0,0,0,45,181,180,47,0,0,0,0,0,0,0,0,0,0,34,177,281,79,0
59,1082,82,0,0,0,0,0,0,0,0,0,0,0,0,0,0,0,0,19,7,0,0,0,0,0,0
60,1083,83,0,0,0,0,0,0,0,0,0,0,0,0,0,0,0,0,18,25,0,0,0,0,0,0
61,1084,84,0,0,0,0,0,0,0,0,0,0,0,0,0,0,0,0,14,11,0,0,0,0,0,0
62,1099,99,0,0,0,0,25,49,62,39,12,0,0,0,0,0,0,0,0,0,0,0,23,87,43,17
63,1101,101,238,241,244,238,319,541,426,400,316,177,126,121,49,0,0,0,0,0,61,161,427,334,253,251
64,1102,102,0,0,0,0,0,69,224,199,0,0,0,0,0,0,0,0,0,0,67,121,134,69,0,0
65,1105,105,54,65,61,64,94,81,81,78,67,50,52,41,21,17,0,0,0,0,9,40,44,73,53,57
66,1106,106,214,220,242,315,479,434,433,422,169,186,155,136,127,77,20,12,0,0,67,185,359,354,302,233
67,1107,107,65,72,75,81,106,140,136,120,90,86,55,47,23,17,7,0,0,0,12,44,94,99,50,66
68,1110,110,0,0,0,0,12,31,24,5,0,0,0,0,0,0,0,0,0,0,0,14,26,27,5,0
69,1111,111,0,0,0,0,0,128,170,133,0,0,0,0,0,0,0,0,0,0,0,116,212,115,0,0
70,1113,113,0,0,0,0,0,0,61,64,0,0,0,0,0,0,0,0,0,0,0,32,40,74,22,0
71,1114,114,0,0,0,0,0,0,78,63,0,0,0,0,0,0,0,0,0,0,0,27,65,88,0,0
72,1116,116,0,0,0,0,0,69,103,23,0,0,0,0,0,0,0,0,0,0,0,71,102,110,30,0
73,1118,118,18,11,0,42,33,11,92,82,12,55,4,5,0,0,0,0,0,0,7,39,84,39,75,12
74,1119,119,0,0,17,7,0,10,51,33,5,0,0,0,0,0,0,0,0,0,0,9,52,17,28,5
75,1120,120,439,454,513,550,712,753,795,624,452,266,238,233,161,113,56,48,31,0,61,268,683,660,477,450
76,1121,121,0,0,0,0,63,63,181,104,41,0,0,0,0,0,0,0,0,0,33,102,125,147,47,0
77,1122,122,0,0,0,30,43,59,53,74,42,0,0,0,0,0,0,0,0,0,0,44,79,90,35,0
78,1123,123,0,0,0,0,0,61,34,54,0,0,0,0,0,0,0,0,0,0,0,34,48,78,0,0
79,1124,124,179,155,162,180,241,269,248,170,109,103,91,73,45,46,45,46,50,32,82,153,319,241,204,190
80,1125,125,107,101,99,95,97,180,187,151,64,64,38,48,16,0,0,0,0,0,0,67,127,173,158,85
81,1128,128,302,297,298,296,413,390,274,245,132,161,154,90,88,71,14,0,0,0,18,53,246,309,264,237
82,1131,131,147,173,215,171,213,250,263,200,129,111,91,46,53,38,9,0,0,0,0,166,181,267,202,133
83,1132,132,141,164,170,197,211,240,273,194,131,104,91,68,46,35,30,0,0,0,31,137,270,198,140,148
84,1139,139,12,11,14,7,19,14,9,9,4,6,0,0,0,0,0,0,0,0,0,0,5,6,7,8
85,1140,140,207,234,265,289,318,330,341,235,161,152,125,113,0,0,0,0,0,0,0,114,156,213,181,211
86,1143,143,0,0,0,0,0,0,191,74,2,0,0,0,0,0,0,0,0,0,0,153,201,0,0,0
87,1148,148,35,26,49,49,46,62,53,46,34,30,28,22,0,0,0,0,0,0,0,11,41,49,44,37
88,1150,150,394,429,500,484,527,585,579,449,280,193,203,167,108,87,37,12,0,0,55,264,431,452,412,379
89,1152,152,0,0,0,0,0,54,71,0,0,0,0,0,0,0,0,0,0,0,0,73,60,0,0,0
90,1153,153,0,0,0,0,15,58,82,40,21,0,0,0,0,0,0,0,0,0,0,16,59,73,38,0
91,1154,154,0,0,0,0,21,39,18,0,0,0,0,0,0,0,0,0,0,0,0,26,35,14,0,0
92,1156,156,65,75,77,90,92,100,92,83,64,49,33,27,9,0,0,0,0,0,0,38,55,74,73,63
93,1157,157,0,0,0,0,0,0,73,26,0,0,0,0,0,0,0,0,0,0,0,32,75,33,0,0
94,1158,158,0,0,0,0,0,78,123,40,41,0,0,0,0,0,0,0,0,0,65,88,72,63,0,0
95,1159,159,0,0,0,0,0,47,32,86,0,0,0,0,0,0,0,0,0,0,0,178,136,0,0,0
96,1161,161,0,0,0,0,0,40,80,65,0,0,0,0,0,0,0,0,0,0,0,41,146,38,0,0
97,1164,164,122,129,139,128,167,177,161,174,119,61,58,39,27,0,0,0,0,0,0,27,111,140,132,127
98,1166,166,162,173,153,109,194,159,158,142,127,99,95,62,30,21,0,0,0,0,12,39,78,136,130,145
99,1167,167,0,0,0,0,32,42,88,32,0,0,0,0,0,0,0,0,0,0,0,0,91,110,0,0
100,1168,168,100,82,96,104,120,143,153,122,113,48,63,45,30,30,0,0,0,0,24,42,78,90,82,93
101,1169,169,171,183,216,205,251,259,216,241,189,152,102,119,84,39,0,0,0,0,53,60,149,205,146,185
102,1173,173,0,0,0,0,0,13,18,0,0,0,0,0,0,0,0,0,0,0,0,17,0,20,0,0
103,1177,177,0,0,0,0,0,117,90,61,45,0,0,0,0,0,0,0,0,0,31,69,63,112,17,0
104,1178,178,0,0,0,0,0,57,226,93,34,0,0,0,0,0,0,0,0,0,0,90,133,60,0,0
105,1179,179,0,0,0,0,0,92,119,103,53,0,0,0,0,0,0,0,0,0,0,114,129,58,44,0
106,1180,180,289,271,307,439,379,384,329,303,180,182,168,139,68,46,53,5,4,15,114,158,335,333,200,259
107,1181,181,143,157,158,173,211,205,185,156,118,102,106,67,39,0,0,0,0,0,0,72,136,133,140,129
108,1182,182,32,37,33,40,41,48,55,43,39,29,0,0,0,0,0,0,0,0,0,17,47,34,22,30
109,1183,183,45,43,43,48,62,62,89,58,38,0,0,0,0,0,0,0,0,0,0,42,70,60,40,38
110,1186,186,0,0,0,0,0,0,39,53,26,8,0,0,0,0,0,0,0,0,13,16,33,24,16,0
111,1187,187,23,21,24,21,30,32,43,41,44,36,16,16,0,0,0,0,0,0,0,28,39,24,23,22
112,1190,190,0,0,0,0,0,50,62,58,0,0,0,0,0,0,0,0,0,0,0,0,172,65,0,0
113,1192,192,0,0,0,0,0,46,35,27,0,0,0,0,0,0,0,0,0,0,0,0,97,29,0,0
114,1193,193,0,0,0,0,0,55,95,93,15,16,0,0,0,0,0,0,0,0,0,135,150,88,0,0
115,1197,197,0,0,45,39,0,108,117,96,39,0,0,0,0,0,0,0,0,0,0,44,179,109,0,0
116,1200,200,30,16,32,14,41,19,40,24,23,0,0,0,0,0,0,0,0,0,0,5,23,12,21,31
117,1201,201,0,0,0,0,0,0,0,3,0,0,0,0,0,0,0,0,0,0,0,0,0,5,0,0
118,1202,202,0,0,0,0,0,13,33,47,15,0,0,0,0,0,0,0,0,0,0,0,35,60,0,0
119,1203,203,4,3,5,4,5,5,9,13,5,0,0,0,0,0,0,0,0,0,0,0,7,28,15,5
120,1204,204,11,13,9,12,23,29,0,0,0,0,0,0,0,0,0,0,0,0,0,0,0,5,20,17
121,1205,205,0,0,0,10,16,76,0,24,0,0,0,0,0,0,0,0,0,0,0,0,33,49,26,0
122,1208,208,13,15,17,17,19,18,7,0,6,8,0,0,0,0,0,0,0,0,0,0,6,6,12,14
123,1209,209,0,0,0,0,0,0,7,9,8,0,0,0,0,0,0,0,0,0,0,2,6,6,0,0
124,1210,210,0,0,0,0,0,0,91,118,0,0,0,0,0,0,0,0,0,0,0,42,111,50,0,0
125,1211,211,0,0,0,0,24,59,68,47,0,0,0,0,0,0,0,0,0,0,0,31,107,35,34,0
126,1212,212,0,0,0,0,0,82,428,283,83,20,0,0,0,0,0,0,0,0,0,36,63,467,446,105
127,1213,213,3,2,2,3,1,0,0,0,0,0,0,0,0,0,0,0,0,0,0,0,0,0,0,2
128,1214,214,0,0,0,0,0,86,229,148,44,0,0,0,0,0,0,0,0,0,0,41,148,208,98,0
129,1215,215,0,0,0,0,0,31,83,51,23,0,0,0,0,0,0,0,0,0,22,33,64,47,0,0
130,1216,216,0,0,0,0,0,83,151,157,59,0,0,0,0,0,0,0,0,0,0,47,153,169,87,0
131,1217,217,0,0,0,0,0,0,42,56,0,0,0,0,0,0,0,0,0,0,0,0,44,88,0,0
132,1218,218,0,0,0,0,0,98,231,0,0,0,0,0,0,0,0,0,0,0,0,34,66,277,276,0
133,1219,219,0,0,0,0,0,0,82,377,89,0,0,0,0,0,0,0,0,0,0,93,156,82,0,0
134,1221,221,89,107,78,114,123,127,127,117,89,34,47,23,15,4,0,0,0,0,10,39,87,92,113,105
135,1224,224,3,7,6,15,5,10,7,17,5,11,0,0,0,0,0,0,0,0,2,1,7,2,12,12
136,1226,226,122,118,125,139,171,155,135,108,86,40,30,19,12,3,0,0,0,0,0,40,129,139,139,129
137,1232,232,0,0,0,0,0,48,40,90,27,0,0,0,0,0,0,0,0,0,0,23,87,79,4,0
138,1234,234,69,64,75,83,129,130,124,119,96,58,31,16,0,0,0,0,0,0,0,44,113,123,111,84
139,1235,235,45,56,55,53,96,84,108,76,63,38,35,31,34,21,14,0,0,0,0,38,68,103,98,61
140,1236,236,29,28,34,34,42,59,43,26,21,18,7,6,0,0,0,0,0,0,0,16,33,37,32,26
141,1237,237,0,0,0,0,0,0,12,20,0,0,0,0,0,0,0,0,0,0,0,0,45,25,0,0
142,1238,238,53,63,72,73,78,76,56,49,32,24,17,0,3,0,0,0,0,0,0,12,51,67,64,57
143,1240,240,130,135,144,150,188,253,196,157,134,101,54,50,47,31,0,0,0,0,0,60,168,163,168,148
144,1241,241,33,39,56,46,70,62,61,51,48,23,15,13,11,0,0,0,0,0,0,10,56,73,43,47
145,1242,242,0,0,0,0,0,35,77,64,21,0,0,0,0,0,0,0,0,0,0,31,76,79,29,0
146,1243,243,0,0,0,0,0,0,43,34,0,0,0,0,0,0,0,0,0,0,0,0,86,34,0,0
147,1244,244,0,0,0,0,0,0,48,49,16,0,0,0,0,0,0,0,0,0,0,0,52,55,21,0
148,1245,245,210,243,215,260,374,230,343,302,195,105,67,42,32,20,0,0,0,0,0,34,183,335,329,274
149,1246,246,12,17,19,18,86,40,34,22,8,0,0,0,0,0,0,0,0,0,2,10,57,29,21,14
150,1248,248,42,65,80,82,86,126,80,77,54,50,49,35,21,10,0,0,0,0,4,21,65,61,78,77
151,1249,249,40,41,43,44,95,63,115,98,48,30,0,0,0,0,0,0,0,0,0,0,143,78,112,88
152,1250,250,0,0,0,0,0,0,61,67,0,0,0,0,0,0,0,0,0,0,0,0,29,86,48,0
153,1252,252,0,0,0,0,38,48,113,80,23,0,0,0,0,0,0,0,0,0,0,41,172,140,0,0
154,1255,255,252,238,278,301,413,440,705,564,376,142,177,117,53,35,18,0,0,0,27,175,546,723,476,316
155,1257,257,0,0,0,0,0,49,83,80,27,0,0,0,0,0,0,0,0,0,24,45,99,114,0,0
156,1260,260,0,0,0,0,0,0,55,30,0,0,0,0,0,0,0,0,0,0,0,0,76,40,0,0
157,1265,265,0,0,0,0,0,62,82,57,16,0,0,0,0,0,0,0,0,0,0,21,91,140,38,0
158,1268,268,0,0,0,0,0,38,114,86,0,0,0,0,0,0,0,0,0,0,0,32,100,59,0,0
159,1269,269,0,0,0,0,0,53,88,99,60,26,0,0,0,0,0,0,0,0,0,0,67,91,73,42
160,1271,271,353,361,347,343,389,564,649,478,285,179,158,125,36,0,0,0,0,0,0,133,346,613,528,469
161,1277,277,0,0,0,0,23,17,42,10,0,0,0,0,0,0,0,0,0,0,0,13,44,60,13,0
162,1280,280,0,0,0,0,0,0,0,0,0,0,0,0,0,0,0,0,33,4,0,0,0,0,0,0
163,1301,301,0,0,0,0,44,45,370,234,78,0,0,0,0,0,0,0,0,0,19,35,277,341,185,0
164,1303,303,0,0,0,0,0,173,226,87,27,24,0,0,0,0,0,0,0,0,0,126,295,239,59,0
165,1304,304,0,0,0,0,0,76,138,31,0,0,0,0,0,0,0,0,0,0,0,0,98,100,0,0
166,1306,306,0,0,0,0,0,49,151,96,0,0,0,0,0,0,0,0,0,0,0,39,127,126,0,0
167,1308,308,0,0,0,0,0,34,45,21,0,0,0,0,0,0,0,0,0,0,0,22,55,30,0,0
168,1309,309,0,0,0,0,0,0,94,106,0,0,0,0,0,0,0,0,0,0,0,0,96,121,54,0
169,1311,311,0,0,0,0,0,133,200,84,35,0,0,0,0,0,0,0,0,0,0,70,170,217,60,0
170,1312,312,0,0,0,0,34,154,325,246,115,0,0,0,0,0,0,0,0,0,35,79,296,376,187,0
171,1316,316,0,0,0,0,0,36,169,130,54,0,0,0,0,0,0,0,0,0,0,34,109,327,0,0
172,1330,330,28,32,25,29,29,29,19,19,14,8,0,0,0,0,0,0,0,0,0,0,23,46,41,31
173,1331,331,81,77,77,76,76,82,64,57,35,19,18,18,7,4,0,0,0,0,0,0,45,79,100,103
174,1342,342,0,0,0,0,0,32,73,54,0,0,0,0,0,0,0,0,0,0,15,33,124,0,0,0
175,1345,345,113,109,110,102,119,110,106,73,72,30,35,21,14,0,0,0,0,0,0,0,33,98,92,101
176,1346,346,85,106,96,94,143,118,115,108,55,34,41,35,16,10,0,0,0,0,0,25,45,117,111,95
177,1347,347,78,72,83,89,103,112,109,107,90,58,46,35,22,7,0,0,0,0,0,34,74,87,83,77
178,1348,348,85,87,84,92,102,115,110,95,80,42,45,40,26,12,0,0,0,0,0,12,44,70,84,83
179,1355,355,0,0,0,0,26,41,293,97,0,0,0,0,0,0,0,0,0,0,0,31,129,213,53,0
180,1372,372,298,225,304,281,389,334,406,505,240,188,94,41,0,0,0,0,0,0,0,82,183,600,581,375
181,1373,373,0,0,0,39,50,68,172,181,62,0,0,0,0,0,0,0,0,0,0,0,82,199,108,58
182,1522,522,165,176,172,200,296,301,509,330,188,172,148,77,66,41,0,0,0,0,43,273,378,396,377,252
183,1540,540,0,0,0,0,30,52,91,56,24,0,0,0,0,0,0,0,0,0,0,0,65,103,62,65
184,1542,542,20,0,0,0,54,152,274,204,66,16,0,0,0,0,0,0,0,0,0,27,132,262,277,87
185,1545,545,368,281,276,284,365,633,1015,843,606,313,187,99,73,36,0,0,0,0,54,238,564,1168,966,668
186,1550,550,303,297,316,328,470,719,1148,1051,582,267,205,165,130,86,16,0,0,0,31,272,718,1176,729,483
187,1554,554,202,217,206,211,336,253,266,244,192,147,113,60,42,16,0,0,0,0,65,144,146,209,227,334
188,1555,555,0,0,0,0,37,110,107,31,21,0,0,0,0,0,0,0,0,0,0,31,158,61,59,0
189,1556,556,0,0,0,0,79,121,187,40,35,0,0,0,0,0,0,0,0,0,0,49,130,129,114,0
190,1601,601,0,0,0,0,0,2,6,11,0,0,0,0,0,0,0,0,0,0,0,0,5,3,1,0
191,1661,661,0,0,0,0,0,0,0,0,0,0,0,0,0,0,0,0,0,0,0,0,0,0,0,0
192,1671,671,513,587,619,654,710,760,758,695,550,476,409,318,217,152,118,88,67,0,110,247,402,550,519,526
193,1672,672,299,290,294,298,383,466,520,683,514,337,235,185,119,65,18,0,0,0,18,97,316,447,630,489
194,1673,673,346,337,365,417,481,600,806,712,471,338,260,223,161,80,44,31,30,14,60,240,535,643,524,385
195,1674,674,442,469,486,561,852,839,961,867,601,448,338,310,229,110,67,45,42,17,54,247,697,916,858,496
196,1675,675,693,695,708,706,904,919,1282,1202,758,493,382,352,276,156,92,47,51,21,112,285,764,1199,859,701
197,1688,688,0,0,0,0,0,0,0,0,0,0,0,0,0,0,0,0,0,0,0,0,0,0,0,0
198,1773,773,0,0,0,0,0,9,21,14,14,3,0,0,0,0,0,0,0,0,0,6,19,18,13,0
199,1775,775,0,0,0,0,0,13,25,14,14,3,0,0,0,0,0,0,0,0,0,9,18,18,12,0
200,1823,823,0,0,0,0,53,0,0,0,0,0,0,0,0,0,0,0,0,0,0,0,37,0,0,0
201,1824,824,0,0,0,0,40,0,0,0,0,0,0,0,0,0,0,0,0,0,0,0,39,0,0,0
202,1887,887,0,0,0,0,49,0,0,0,0,0,0,0,0,0,0,0,0,0,0,0,40,0,0,0
203,1888,888,0,0,0,0,49,0,0,0,0,0,0,0,0,0,0,0,0,0,0,0,61,0,0,0
204,1889,889,0,0,0,0,24,0,0,0,0,0,0,0,0,0,0,0,0,0,0,0,29,0,0,0
205,1891,891,0,0,0,0,0,29,0,0,0,0,0,0,0,0,0,0,0,0,0,0,0,31,0,0
206,1892,892,0,0,0,0,0,44,0,0,0,0,0,0,0,0,0,0,0,0,0,0,0,48,0,0
207,1893,893,0,0,0,0,35,0,0,0,0,0,0,0,0,0,0,0,0,0,0,0,25,0,0,0
208,1901,901,18,19,34,28,27,26,26,27,17,13,13,8,0,0,0,0,0,0,0,16,15,13,21,15
209,1903,903,34,34,44,48,37,43,36,43,21,17,16,12,0,0,0,0,0,0,0,14,26,23,28,30
210,1906,906,26,27,30,31,34,35,32,25,22,0,0,0,0,0,0,0,0,0,0,0,19,21,29,26
211,1907,907,14,0,17,15,0,9,3,0,0,0,0,0,0,0,0,0,0,0,0,0,5,3,5,15
212,1908,908,6,6,6,10,10,10,10,10,0,0,0,0,0,0,0,0,0,0,0,0,0,0,6,6
213,1909,909,12,12,12,12,12,12,12,12,12,6,0,0,0,0,0,0,0,0,0,6,12,12,12,12
214,1910,910,12,11,10,14,16,13,8,0,0,0,0,0,0,0,0,0,0,0,0,0,0,2,9,8
215,1913,913,0,0,0,0,0,38,33,19,8,0,0,0,0,0,0,0,0,0,0,15,27,34,7,0
216,1914,914,38,29,40,40,22,31,0,0,0,0,0,0,0,0,0,0,0,0,0,0,0,0,0,35
217,1915,915,7,16,28,18,9,22,0,0,0,0,0,0,0,0,0,0,0,0,0,0,0,0,0,16
218,1916,916,31,22,24,36,27,30,9,0,0,0,0,0,0,0,0,0,0,0,0,0,0,0,0,24
219,1917,917,10,9,9,10,9,13,17,14,6,0,0,0,0,0,0,0,0,0,8,5,11,16,8,4
220,1919,919,15,13,12,17,20,16,0,0,0,0,0,0,0,0,0,0,0,0,0,0,0,3,12,10
221,1927,927,12,21,18,16,28,9,10,7,0,0,0,0,0,0,0,0,0,0,0,0,0,13,17,9
222,1930,930,0,0,0,0,0,24,28,12,0,0,0,0,0,0,0,0,0,0,0,0,19,26,19,0
223,1931,931,22,16,20,18,14,35,38,30,11,12,0,0,0,0,0,0,0,0,0,0,30,31,25,12
224,1935,935,0,0,0,0,4,12,18,16,4,0,0,0,0,0,0,0,0,0,0,11,16,18,8,0
225,1952,952,0,0,0,0,97,0,132,0,0,0,0,0,0,0,0,0,0,0,84,85,0,0,0,0
226,1973,973,0,0,0,0,0,0,0,0,0,0,0,0,0,0,0,0,0,0,0,0,0,0,0,0
227,1975,975,0,0,0,0,0,0,0,0,0,0,0,0,0,0,0,0,0,0,0,0,0,0,0,0
228,1980,980,0,0,0,0,0,0,0,0,0,0,0,0,0,0,0,0,0,0,0,0,0,15,0,0
229,1981,981,0,0,0,0,0,0,0,0,17,0,0,0,0,0,0,0,0,0,0,0,0,0,0,0
230,1982,982,0,0,0,0,0,27,0,0,0,0,0,0,0,0,0,0,0,0,0,0,0,27,0,0
231,1984,984,0,0,0,0,0,0,0,0,13,0,0,0,0,0,0,0,0,0,0,0,0,0,0,0
232,1986,986,0,0,0,0,0,60,0,0,0,0,0,0,0,0,0,0,0,0,0,0,0,30,0,0
233,1987,987,0,0,0,0,0,20,0,0,0,0,0,0,0,0,0,0,0,0,0,0,44,0,0,0
234,1988,988,0,0,0,0,0,28,0,0,0,0,0,0,0,0,0,0,0,0,0,0,0,36,0,0
235,1989,989,0,0,0,0,0,26,0,0,0,0,0,0,0,0,0,0,0,0,0,0,46,0,0,0
236,1994,994,0,0,0,0,0,20,0,0,0,0,0,0,0,0,0,0,0,0,0,0,29,0,0,0
237,1995,995,0,0,0,0,0,15,0,0,0,0,0,0,0,0,0,0,0,0,0,0,0,24,0,0
238,2001,1,402,433,473,487,524,605,492,445,315,251,193,112,80,14,0,0,0,0,29,144,329,410,364,373
239,2002,2,181,200,217,238,300,283,243,214,139,108,75,56,31,0,0,0,0,0,0,15,156,196,195,203
240,2003,3,151,185,197,184,218,203,174,147,98,79,59,37,1,0,0,0,0,0,0,27,104,175,149,145
241,2010,10,42,41,53,49,82,83,65,55,28,1,0,0,0,0,0,0,0,0,0,0,37,75,67,49
242,2011,11,31,24,26,36,51,48,41,15,18,0,0,0,0,0,0,0,0,0,0,0,39,41,32,25
243,2013,13,10,9,11,13,12,20,18,10,0,0,0,0,0,0,0,0,0,0,0,10,15,22,10,12
244,2014,14,10,11,11,15,25,27,14,16,18,0,0,0,0,0,0,0,0,0,0,0,16,31,11,9
245,2016,16,34,39,38,43,87,50,38,36,33,32,13,0,0,0,0,0,0,0,0,7,40,56,34,36
246,2028,28,41,38,52,43,68,90,65,52,23,21,7,0,0,0,0,0,0,0,0,0,23,73,53,40
247,2041,41,50,49,69,60,80,108,103,82,42,44,21,0,0,0,0,0,0,0,0,32,62,81,69,52
248,2042,42,34,38,38,41,35,48,36,26,29,13,0,0,0,0,0,0,0,0,0,0,24,27,23,29
249,2045,45,37,35,41,45,41,49,41,32,21,2,0,0,0,0,0,0,0,0,0,9,21,46,42,31
250,2048,48,52,59,63,87,115,126,115,90,49,48,37,7,0,0,0,0,0,0,0,35,73,95,68,51
251,2051,51,43,47,51,52,54,54,45,42,27,18,0,0,0,0,0,0,0,0,0,2,31,39,39,40
252,2052,52,76,78,80,87,122,103,87,72,52,23,18,0,0,0,0,0,0,0,0,0,53,82,89,79
253,2053,53,81,87,94,97,106,117,94,81,66,59,0,0,0,0,0,0,0,0,0,0,47,78,66,81
254,2054,54,52,51,48,55,83,76,63,63,29,22,22,0,0,0,0,0,0,0,0,0,34,58,38,42
255,2055,55,72,72,86,81,94,95,90,74,37,35,27,1,0,0,0,0,0,0,0,0,55,67,63,63
256,2056,56,26,28,29,29,45,34,32,25,23,1,0,0,0,0,0,0,0,0,0,0,0,33,21,24
257,2057,57,98,123,123,128,151,127,103,82,45,36,14,0,0,0,0,0,0,0,0,0,44,61,78,93
258,2062,62,0,0,0,0,0,0,6,5,6,0,0,0,0,0,0,0,0,0,0,3,5,7,0,0
259,2100,100,26,36,42,37,51,42,38,32,21,4,0,0,0,0,0,0,0,0,0,0,19,43,45,35
260,2102,102,0,0,0,0,0,34,37,20,12,0,0,0,0,0,0,0,0,0,0,23,27,54,3,0
261,2202,202,101,111,111,119,168,136,124,108,80,63,33,5,0,0,0,0,0,0,0,1,79,100,88,87
262,2204,204,85,97,103,105,108,109,107,87,68,40,30,1,0,0,0,0,0,0,0,0,77,78,81,82
263,2206,206,67,59,75,102,78,129,75,107,53,66,24,2,0,0,0,0,0,0,0,14,68,65,59,51
264,2212,212,70,78,81,91,87,90,92,78,27,27,18,0,0,0,0,0,0,0,0,16,27,68,69,86
265,2214,214,67,71,78,74,104,75,66,60,37,22,1,0,0,0,0,0,0,0,0,0,53,66,55,62
266,2300,300,65,84,88,86,95,90,95,82,53,27,18,3,0,0,0,0,0,0,0,0,25,59,64,63
267,2400,400,30,33,41,39,44,70,55,51,34,28,13,1,0,0,0,0,0,0,8,43,154,105,55,33
268,2402,402,70,77,77,72,97,97,92,78,65,36,15,0,0,0,0,0,0,0,0,23,49,63,63,60
269,2409,409,16,15,15,18,19,20,22,13,11,5,0,0,0,0,0,0,0,0,0,0,5,14,19,16
270,2410,410,42,56,49,64,65,77,69,48,36,21,9,0,0,0,0,0,0,0,0,0,42,69,46,35
271,2475,475,0,0,0,0,0,0,3,2,0,0,0,0,0,0,0,0,0,0,2,3,0,0,0,0
272,2485,485,0,0,0,0,0,11,6,0,0,0,0,0,0,0,0,0,0,0,0,6,11,3,0,0
273,2495,495,0,0,0,0,0,22,54,105,75,8,0,0,0,0,0,0,0,0,0,0,0,0,0,0
274,2497,497,0,0,0,0,0,12,18,44,30,0,0,0,0,0,0,0,0,0,7,13,43,29,4,0
275,2500,500,66,65,76,82,90,89,94,59,73,45,53,46,20,0,0,0,0,0,0,8,57,64,69,64
276,2501,501,19,13,20,19,45,50,43,47,25,34,9,1,0,0,0,0,0,0,0,11,47,45,38,29
277,2503,503,2,3,6,2,1,3,5,4,4,3,0,0,0,0,0,0,0,0,0,4,4,8,3,2
278,2504,504,3,2,3,5,2,3,1,2,1,0,0,0,0,0,0,0,0,0,0,0,0,0,0,0
279,3101,101,92,77,87,95,115,109,104,94,86,67,63,48,20,2,0,0,0,0,0,31,51,74,87,92
280,3105,105,57,54,56,63,64,78,73,54,35,31,22,13,3,0,0,0,0,0,3,26,35,65,55,51
281,3106,106,0,0,0,0,0,0,28,44,27,2,0,0,0,0,0,0,0,0,0,6,32,35,14,0
282,3110,110,0,0,0,0,0,0,14,16,7,0,0,0,0,0,0,0,0,0,0,0,7,19,14,0
283,3111,111,0,0,0,0,0,0,4,5,2,0,0,0,0,0,0,0,0,0,0,3,8,8,1,0
284,3112,112,34,29,31,28,62,49,50,51,55,28,24,15,0,0,0,0,0,0,0,1,44,51,45,42
285,3113,113,36,37,47,54,66,82,77,55,43,21,23,19,1,0,0,0,0,0,0,17,39,46,47,50
286,3115,115,138,143,138,151,152,150,193,153,116,65,62,43,0,0,0,0,0,0,0,34,81,108,123,131
287,3116,116,115,122,123,141,134,157,152,126,92,65,45,33,1,0,0,0,0,0,0,16,82,112,112,119
288,3119,119,16,17,19,22,44,43,43,34,35,12,11,7,2,0,0,0,0,0,0,0,30,43,36,26
289,3120,120,23,17,17,18,22,16,33,33,17,11,10,8,0,0,0,0,0,0,0,14,17,38,28,20
290,3130,130,46,39,52,48,107,71,59,54,45,28,19,11,0,0,0,0,0,0,0,19,47,62,81,43
291,3196,196,35,37,39,41,41,50,54,45,36,20,20,17,7,0,0,0,0,0,0,0,20,35,30,32
292,3201,201,94,90,111,95,110,130,142,131,79,59,49,41,13,0,0,0,0,0,9,41,92,83,106,86
293,3202,202,79,96,104,110,114,130,142,102,80,70,56,40,2,0,0,0,0,0,0,40,79,83,86,92
294,3220,220,13,14,18,14,17,19,17,16,11,8,0,0,0,0,0,0,0,0,0,0,10,11,15,14
295,3222,222,21,21,30,22,24,31,22,26,18,14,14,7,0,0,0,0,0,0,0,3,11,22,20,23
296,3227,227,0,0,0,0,34,23,0,0,0,0,0,0,0,0,0,0,0,0,19,28,15,0,0,0
297,3230,230,0,0,0,0,0,0,0,6,4,0,0,0,0,0,0,0,0,0,0,0,0,2,4,0
298,3240,240,10,10,12,15,21,12,7,11,9,5,0,0,0,0,0,0,0,0,0,8,13,10,7,11
299,3247,247,0,0,0,0,43,29,0,0,0,0,0,0,0,0,0,0,0,0,32,39,5,0,0,0
300,3270,270,11,9,15,12,16,15,41,43,32,19,0,0,0,0,0,0,0,0,0,5,31,25,29,8
301,3275,275,28,37,41,40,47,30,27,28,16,15,14,3,0,0,0,0,0,0,0,17,19,19,17,28
302,3277,277,0,0,0,0,14,33,6,0,0,0,0,0,0,0,0,0,0,0,12,28,1,0,0,0
303,3280,280,28,37,33,36,41,49,44,49,35,29,21,1,0,0,0,0,0,0,9,20,35,39,31,29
304,3402,402,0,0,0,0,37,127,224,143,77,0,0,0,0,0,0,0,0,0,0,92,222,319,48,0
305,3405,405,0,0,0,0,0,36,56,29,13,0,0,0,0,0,0,0,0,0,0,24,35,73,2,0
306,3410,410,0,0,0,0,0,38,80,84,2,0,0,0,0,0,0,0,0,0,0,19,131,78,31,1
307,3412,412,0,0,0,0,0,77,158,141,34,0,0,0,0,0,0,0,0,0,0,71,160,163,35,0
308,3413,413,0,0,0,0,20,132,237,188,58,1,0,0,0,0,0,0,0,0,0,117,344,234,76,14
309,3415,415,0,0,0,0,0,139,250,216,10,0,0,0,0,0,0,0,0,0,0,53,211,168,56,1
310,3416,416,0,0,0,0,0,20,47,46,4,0,0,0,0,0,0,0,0,0,0,17,69,50,13,0
311,3417,417,0,0,0,0,0,50,111,103,37,0,0,0,0,0,0,0,0,0,0,19,79,71,19,2
312,3421,421,0,0,0,0,40,79,114,59,2,0,0,0,0,0,0,0,0,0,37,147,163,41,1,0
313,3422,422,0,0,0,0,0,0,41,37,1,0,0,0,0,0,0,0,0,0,0,27,29,24,0,0
314,3424,424,0,0,0,0,0,36,4,29,2,1,0,0,0,0,0,0,0,0,0,50,31,2,0,0
315,3425,425,0,0,0,0,0,29,60,43,2,0,0,0,0,0,0,0,0,0,0,73,65,16,0,0
316,3435,435,0,0,0,0,0,42,88,93,10,0,0,0,0,0,0,0,0,0,0,47,131,82,4,0
317,3701,701,297,333,345,361,408,427,473,408,331,230,196,179,62,0,0,0,0,0,0,128,247,309,291,287
318,3810,810,65,2,0,0,0,0,0,4,84,38,0,0,0,0,0,0,0,0,0,0,0,0,11,73
319,3821,821,0,0,0,0,0,38,44,41,0,0,0,0,0,0,0,0,0,0,0,27,54,38,3,0
320,3855,855,0,0,17,19,31,86,83,38,0,0,0,0,0,0,0,0,0,0,0,36,74,86,50,2
321,3860,860,0,0,40,30,39,73,141,79,3,0,0,0,0,0,0,0,0,0,0,29,110,88,57,2
322,3871,871,2,0,16,13,22,41,122,94,0,0,0,0,0,0,0,0,0,0,0,0,101,123,88,26
323,3880,880,0,0,0,0,0,58,76,83,3,0,0,0,0,0,0,0,0,0,0,69,110,88,34,2
324,4000,0,0,0,0,0,0,0,0,0,0,0,10,0,0,0,0,0,0,0,0,0,0,0,0,0
325,4001,1,0,0,0,0,0,0,0,0,0,0,8,0,0,0,0,0,0,0,0,0,0,0,0,0
326,4003,3,0,0,0,0,0,0,0,0,0,9,0,0,0,0,0,0,0,0,0,0,0,0,0,0
327,4004,4,6,8,12,7,15,14,16,10,6,0,0,0,0,0,0,0,0,0,0,8,9,11,15,15
328,4005,5,8,8,10,9,11,14,14,8,8,0,0,0,0,0,0,0,0,0,0,0,0,6,6,10
329,4008,8,20,21,24,29,29,23,22,16,6,0,0,0,0,0,0,0,0,0,0,0,0,8,12,18
330,4018,18,23,25,24,30,28,32,21,22,10,0,0,0,0,0,0,0,0,0,0,0,0,11,19,17
331,4022,22,82,92,114,97,95,97,89,57,43,25,17,0,0,0,0,0,0,0,1,4,49,74,68,91
332,4024,24,25,29,21,28,34,42,28,31,21,16,6,0,0,0,0,0,0,0,0,0,15,17,20,23
333,4026,26,40,34,34,36,41,38,36,30,17,15,10,0,0,0,0,0,0,0,0,0,24,33,30,34
334,4030,30,0,0,0,0,0,0,40,50,48,12,0,0,0,0,0,0,0,0,45,71,31,0,0,0
335,4034,34,31,31,33,28,30,40,33,20,18,9,0,0,0,0,0,0,0,0,0,0,0,9,24,35
336,4038,38,0,0,0,0,0,49,26,0,0,0,0,0,0,0,0,0,0,0,0,25,53,5,0,0
337,4040,40,33,22,28,32,28,29,37,25,24,15,7,0,0,0,0,0,0,0,0,18,24,21,31,24
338,4042,42,24,20,35,14,30,15,37,25,15,14,8,0,0,0,0,0,0,0,0,16,10,13,15,14
339,4044,44,0,0,0,0,0,0,0,19,21,0,0,0,0,0,0,0,0,0,20,34,16,0,0,0
340,4046,46,0,8,6,4,6,2,5,2,0,0,0,0,0,0,0,0,0,0,0,0,0,0,5,14
341,4048,48,25,25,27,26,26,30,28,26,24,10,11,0,0,0,0,0,0,0,0,19,20,13,24,26
342,4050,50,34,35,36,36,33,31,31,27,23,11,11,0,0,0,0,0,0,0,0,13,23,7,23,29
343,4052,52,27,33,40,39,36,37,47,35,33,15,17,0,0,0,0,0,0,0,0,0,10,9,26,28
344,4058,58,15,24,27,26,13,28,15,26,15,5,2,0,0,0,0,0,0,0,0,14,22,0,14,24
345,4064,64,14,12,17,14,16,18,20,14,5,1,2,0,0,0,0,0,0,0,0,0,5,14,15,12
346,4066,66,0,0,0,0,0,0,8,9,12,6,1,0,0,0,0,0,0,0,18,14,20,0,0,0
347,4034,34,5,3,3,2,2,1,3,3,1,2,0,0,0,0,0,0,0,0,0,0,1,15,2,2
348,4035,35,11,10,9,9,10,8,8,8,0,0,0,0,0,0,0,0,0,0,0,0,0,0,5,7
349,4036,36,8,8,8,10,9,8,8,8,5,6,2,0,0,0,0,0,0,0,0,0,0,9,7,6
350,4037,37,15,13,11,14,13,15,11,10,7,0,0,0,0,0,0,0,0,0,0,0,0,6,4,9
351,4041,41,3,3,4,3,4,4,6,0,0,0,0,0,0,0,0,0,0,0,0,0,0,4,6,4
352,4086,86,6,8,8,6,8,5,3,0,0,0,0,0,0,0,0,0,0,0,0,0,0,0,0,2
353,4162,162,0,0,0,0,0,28,28,0,0,0,0,0,0,0,0,0,0,0,0,21,42,2,0,0
354,4170,170,0,0,0,0,0,3,28,15,11,4,0,0,0,0,0,0,0,0,11,15,11,0,0,0
355,4172,172,0,0,9,12,10,14,27,22,9,6,0,0,0,0,0,0,0,0,0,21,40,18,8,0
356,4180,180,16,21,18,16,17,59,81,95,93,36,15,0,0,0,0,0,0,0,28,73,115,83,37,12
357,4182,182,0,0,0,0,3,14,44,57,44,14,8,0,0,0,0,0,0,0,35,47,54,48,0,0
358,4184,184,10,9,11,12,10,11,11,1,0,0,0,0,0,0,0,0,0,0,0,0,0,0,5,9
359,4186,186,0,0,0,0,0,6,12,18,23,12,5,0,0,0,0,0,0,0,12,17,22,12,7,0
360,4188,188,0,0,0,0,0,6,5,15,38,7,0,0,0,0,0,0,0,0,0,9,18,12,0,0
361,4190,190,0,0,0,0,0,8,11,21,26,14,9,0,0,0,0,0,0,0,14,23,24,16,11,0
362,4192,192,0,0,0,0,0,4,9,14,14,10,6,0,0,0,0,0,0,0,11,15,19,14,9,0
363,4194,194,0,0,0,0,0,6,7,20,22,9,6,0,0,0,0,0,0,0,19,16,20,16,10,0
364,4196,196,0,0,0,0,0,5,8,17,20,9,0,0,0,0,0,0,0,0,0,19,21,13,0,0
365,4198,198,0,0,0,0,0,3,6,15,14,9,5,0,0,0,0,0,0,0,6,16,19,14,7,0
366,4212,212,0,0,0,0,0,3,4,12,14,8,0,0,0,0,0,0,0,0,0,34,43,29,0,0
367,6560,560,92,104,107,124,110,137,130,141,115,67,54,41,38,18,0,0,0,0,21,96,138,168,124,120
368,6566,566,44,22,24,45,68,131,199,188,99,55,39,22,13,0,0,0,0,0,25,82,193,197,124,70
369,6567,567,0,0,0,0,27,67,110,68,0,0,0,3,0,0,0,0,0,0,0,38,113,67,49,2
370,6574,574,117,95,168,149,163,143,140,117,105,81,85,57,45,46,4,0,70,100,114,96,105,123,112,105
371,6577,577,0,0,0,0,40,158,220,212,43,0,0,0,0,0,0,0,0,0,24,114,314,303,190,1
372,6578,578,142,147,157,157,179,70,53,40,140,135,132,95,35,28,0,0,0,0,1,6,3,28,53,170
373,6586,586,30,1,29,29,37,74,85,77,28,0,0,0,0,0,0,0,0,0,0,49,100,68,47,39
374,6590,590,37,34,21,1,36,261,389,374,211,11,0,0,0,0,0,0,0,0,124,316,535,481,276,60
375,6592,592,0,0,0,0,34,117,124,118,69,10,0,0,0,0,0,0,0,0,94,151,130,95,23,1
376,6594,594,128,108,138,177,240,80,61,53,68,155,128,113,71,47,3,0,0,0,0,0,17,61,91,144
377,6595,595,0,0,0,0,1,76,70,43,3,0,0,0,0,0,0,0,0,0,16,91,84,14,1,0
378,6596,596,0,0,0,0,0,31,54,84,51,0,0,0,0,0,0,0,0,0,26,50,85,34,18,0
379,6999,999,0,0,0,0,0,1132,2629,2602,438,0,0,0,0,0,0,0,0,0,698,1635,2247,579,401,0
380,6998,998,0,0,0,0,0,133,309,183,0,0,0,0,0,0,0,0,0,0,38,89,342,88,61,0
381,6996,996,1400,1492,1582,1622,1635,2220,2578,2908,2397,1587,1091,989,802,707,416,90,0,0,22,301,1113,2089,2381,1783
382,6995,995,184,281,221,273,231,340,317,260,190,106,70,43,10,0,0,0,0,0,0,52,101,330,195,207
