TAZ,District
1,13
2,13
3,13
4,13
5,13
6,13
7,13
8,13
9,13
10,13
11,13
12,13
13,13
14,13
15,13
16,13
17,13
18,13
19,13
20,13
21,13
22,13
23,13
24,13
25,13
26,13
27,13
28,13
29,13
30,13
31,13
32,13
33,13
34,13
35,13
36,13
37,13
38,13
39,13
40,13
41,13
42,13
43,13
44,13
45,13
46,13
47,13
48,13
49,13
50,13
51,13
52,13
53,13
54,13
55,13
56,13
57,13
58,13
59,13
60,13
61,13
62,13
63,13
64,13
65,13
66,13
67,13
68,13
69,13
70,13
71,13
72,13
73,13
74,13
75,13
76,13
77,13
78,13
79,13
80,13
81,13
82,13
83,13
84,13
85,13
86,13
87,13
88,13
89,13
90,13
91,13
92,13
93,13
94,13
95,13
96,13
97,13
98,13
99,13
100,13
101,13
102,13
103,13
104,13
105,13
106,13
107,13
108,13
109,13
110,13
111,13
112,13
113,13
114,13
115,13
116,13
117,13
118,13
119,13
120,13
121,13
122,13
123,13
124,13
125,13
126,13
127,13
128,13
129,13
130,13
131,13
132,13
133,13
134,13
135,13
136,13
137,13
138,13
139,13
140,13
141,13
142,13
143,13
144,13
145,13
146,13
147,13
148,13
149,13
150,13
151,13
152,13
153,13
154,13
155,13
156,13
157,13
158,13
159,13
160,13
161,13
162,13
163,13
164,13
165,13
166,13
167,13
168,13
169,13
170,13
171,13
172,13
173,13
174,13
175,13
176,13
177,13
178,13
179,13
180,13
181,13
182,13
183,13
184,13
185,13
186,13
187,13
188,13
189,13
190,13
191,13
192,13
193,13
194,13
195,13
196,13
197,13
198,13
199,13
200,13
201,13
202,13
203,13
204,13
205,13
206,13
207,13
208,13
209,13
210,13
211,13
212,13
213,13
214,13
215,13
216,13
217,13
218,13
219,13
220,13
221,13
222,13
223,13
224,13
225,13
226,13
227,13
228,13
229,13
230,13
231,13
232,13
233,13
234,13
235,13
236,13
237,13
238,13
239,13
240,13
241,13
242,13
243,13
244,13
245,13
246,13
247,13
248,13
249,13
250,13
251,13
252,13
253,13
254,13
255,13
256,13
257,13
258,13
259,13
260,13
261,13
262,13
263,13
264,13
265,13
266,13
267,13
268,13
269,13
270,13
271,13
272,13
273,13
274,13
275,13
276,13
277,13
278,13
279,13
280,13
281,13
282,13
283,13
284,13
285,13
286,13
287,13
288,13
289,13
290,13
291,13
292,13
293,13
294,13
295,13
296,13
297,13
298,13
299,13
300,13
301,13
302,13
303,13
304,13
305,13
306,13
307,13
308,13
309,13
310,13
311,13
312,13
313,13
314,13
315,13
316,13
317,13
318,13
319,13
320,13
321,13
322,13
323,13
324,13
325,13
326,13
327,13
328,13
329,13
330,13
331,12
332,12
333,12
334,12
335,12
336,12
337,12
338,12
339,12
340,12
341,12
342,12
343,12
344,12
345,12
346,12
347,12
348,12
349,12
350,12
351,12
352,12
353,12
354,12
355,12
356,12
357,12
358,12
359,12
360,12
361,12
362,12
363,12
364,12
365,12
366,12
367,12
368,12
369,12
370,12
371,12
372,12
373,12
374,12
375,12
376,12
377,12
378,12
379,12
380,12
381,12
382,12
383,12
384,12
385,12
386,12
387,12
388,12
389,12
390,12
391,12
392,12
393,12
394,12
395,12
396,12
397,12
398,12
399,12
400,12
401,12
402,12
403,12
404,12
405,12
406,12
407,12
408,12
409,12
410,12
411,12
412,12
413,12
414,12
415,12
416,12
417,12
418,12
419,12
420,12
421,12
422,12
423,12
424,12
425,12
426,12
427,12
428,12
429,12
430,12
431,12
432,12
433,12
434,12
435,12
436,12
437,12
438,12
439,12
440,12
441,12
442,12
443,12
444,12
445,11
446,11
447,11
448,11
449,11
450,11
451,11
452,11
453,11
454,11
455,11
456,11
457,11
458,11
459,11
460,11
461,11
462,11
463,11
464,11
465,11
466,11
467,11
468,11
469,11
470,11
471,11
472,11
473,11
474,11
475,11
476,11
477,11
478,11
479,11
480,11
481,11
482,11
483,11
484,11
485,11
486,11
487,11
488,11
489,11
490,11
491,11
492,11
493,11
494,11
495,11
496,11
497,11
498,11
499,11
500,11
501,11
502,11
503,11
504,11
505,11
506,11
507,11
508,11
509,11
510,11
511,11
512,11
513,11
514,11
515,11
516,11
517,11
518,11
519,11
520,11
521,11
522,11
523,11
524,11
525,11
526,11
527,11
528,11
529,11
530,11
531,11
532,11
533,11
534,11
535,11
536,11
537,11
538,11
539,11
540,11
541,11
542,11
543,11
544,11
545,11
546,11
547,12
548,12
549,12
550,12
551,12
552,12
553,12
554,12
555,12
556,12
557,12
558,12
559,12
560,12
561,12
562,12
563,12
564,12
565,12
566,12
567,12
568,12
569,12
570,12
571,12
572,12
573,12
574,12
575,12
576,12
577,12
578,12
579,12
580,12
581,12
582,12
583,12
584,12
585,12
586,12
587,12
588,12
589,12
590,12
591,12
592,12
593,12
594,12
595,12
596,12
597,12
598,12
599,12
600,12
601,12
602,12
603,12
604,12
605,12
606,12
607,12
608,12
609,12
610,11
611,11
612,11
613,11
614,11
615,11
616,10
617,10
618,10
619,10
620,10
621,10
622,10
623,10
624,10
625,10
626,10
627,11
628,11
629,11
630,10
631,11
632,11
633,10
634,10
635,10
636,10
637,10
638,10
639,10
640,10
641,10
642,10
643,10
644,10
645,10
646,10
647,10
648,10
649,10
650,10
651,10
652,10
653,10
654,10
655,10
656,10
657,10
658,10
659,10
660,10
661,10
662,10
663,10
664,10
665,10
666,10
667,10
668,10
669,10
670,10
671,10
672,10
673,10
674,10
675,10
676,10
677,10
678,10
679,10
680,10
681,10
682,10
683,10
684,10
685,10
686,10
687,10
688,10
689,10
690,10
691,10
692,10
693,10
694,10
695,10
696,10
697,10
698,10
699,10
700,10
701,10
702,10
703,10
704,10
705,10
706,10
707,10
708,10
709,10
710,10
711,10
712,10
713,10
714,10
715,10
716,10
717,10
718,10
719,10
720,10
721,10
722,10
723,10
724,10
725,10
726,10
727,10
728,10
729,10
730,10
731,10
732,10
733,10
734,10
735,10
736,10
737,10
738,10
739,10
740,10
741,10
742,10
743,10
744,10
745,10
746,10
747,10
748,10
749,10
750,10
751,10
752,10
753,10
754,10
755,10
756,10
757,10
758,10
759,10
760,10
761,10
762,10
763,10
764,10
765,10
766,10
767,10
768,10
769,10
770,10
771,10
772,10
773,10
774,10
775,10
776,10
777,10
778,10
779,10
780,10
781,10
782,10
783,10
784,10
785,10
786,10
787,10
788,10
789,10
790,10
791,10
792,10
793,10
794,10
795,10
796,10
797,10
798,10
799,10
800,10
801,10
802,10
803,10
804,10
805,10
806,10
807,10
808,10
809,10
810,10
811,10
812,10
813,10
814,10
815,10
816,10
817,10
818,10
819,10
820,10
821,10
822,10
823,10
824,10
825,10
826,10
827,10
828,10
829,10
830,10
831,10
832,10
833,10
834,10
835,10
836,10
837,10
838,10
839,10
840,10
841,10
842,10
843,10
844,10
845,10
846,10
847,10
848,10
849,10
850,10
851,10
852,10
853,10
854,10
855,10
856,10
857,10
858,10
859,6
860,6
861,6
862,6
863,6
864,6
865,6
866,6
867,6
868,6
869,6
870,6
871,6
872,6
873,6
874,6
875,6
876,6
877,6
878,6
879,6
880,6
881,6
882,6
883,6
884,6
885,6
886,6
887,6
888,6
889,6
890,6
891,6
892,6
893,6
894,6
895,6
896,6
897,6
898,6
899,6
900,6
901,6
902,6
903,6
904,6
905,6
906,6
907,6
908,6
909,6
910,6
911,6
912,6
913,6
914,6
915,6
916,6
917,6
918,6
919,6
920,6
921,6
922,6
923,6
924,6
925,6
926,6
927,6
928,6
929,6
930,6
931,6
932,6
933,6
934,6
935,6
936,6
937,6
938,6
939,6
940,6
941,6
942,6
943,6
944,6
945,6
946,6
947,6
948,6
949,6
950,6
951,6
952,6
953,6
954,6
955,6
956,6
957,6
958,6
959,6
960,6
961,6
962,6
963,6
964,6
965,6
966,6
967,6
968,6
969,6
970,6
971,6
972,6
973,6
974,6
975,6
976,5
977,5
978,6
979,6
980,6
981,6
982,6
983,6
984,6
985,6
986,6
987,6
988,6
989,6
990,6
991,6
992,6
993,6
994,6
995,6
996,6
997,6
998,6
999,6
1000,6
1001,6
1002,6
1003,6
1004,6
1005,6
1006,6
1007,6
1008,6
1009,6
1010,6
1011,6
1012,6
1013,6
1014,6
1015,5
1016,5
1017,5
1018,5
1019,5
1020,5
1021,5
1022,5
1023,5
1024,5
1025,5
1026,5
1027,5
1028,5
1029,6
1030,6
1031,6
1032,6
1033,6
1034,6
1035,6
1036,6
1037,6
1038,6
1039,6
1040,6
1041,6
1042,6
1043,5
1044,5
1045,5
1046,5
1047,5
1048,5
1049,5
1050,5
1051,5
1052,5
1053,5
1054,5
1055,5
1056,5
1057,5
1058,5
1059,5
1060,4
1061,4
1062,4
1063,4
1064,4
1065,4
1066,4
1067,4
1068,4
1069,4
1070,4
1071,4
1072,5
1073,5
1074,5
1075,4
1076,4
1077,4
1078,4
1079,4
1080,4
1081,4
1082,4
1083,4
1084,4
1085,4
1086,4
1087,4
1088,4
1089,4
1090,4
1091,4
1092,4
1093,4
1094,4
1095,4
1096,4
1097,4
1098,4
1099,4
1100,4
1101,4
1102,4
1103,4
1104,4
1105,4
1106,4
1107,4
1108,4
1109,4
1110,4
1111,4
1112,4
1113,4
1114,4
1115,4
1116,4
1117,4
1118,4
1119,4
1120,4
1121,4
1122,4
1123,4
1124,4
1125,4
1126,4
1127,4
1128,4
1129,4
1130,4
1131,4
1132,4
1133,4
1134,4
1135,4
1136,4
1137,4
1138,4
1139,4
1140,4
1141,4
1142,4
1143,4
1144,4
1145,4
1146,4
1147,4
1148,4
1149,4
1150,4
1151,4
1152,4
1153,4
1154,4
1155,4
1156,4
1157,4
1158,4
1159,4
1160,4
1161,4
1162,4
1163,4
1164,4
1165,4
1166,4
1167,4
1168,4
1169,4
1170,4
1171,5
1172,4
1173,4
1174,4
1175,4
1176,4
1177,4
1178,4
1179,4
1180,4
1181,4
1182,4
1183,4
1184,4
1185,4
1186,4
1187,5
1188,5
1189,5
1190,5
1191,5
1192,4
1193,4
1194,4
1195,4
1196,4
1197,4
1198,4
1199,4
1200,5
1201,5
1202,5
1203,5
1204,5
1205,5
1206,5
1207,5
1208,5
1209,5
1210,5
1211,5
1212,5
1213,5
1214,5
1215,5
1216,4
1217,4
1218,4
1219,4
1220,4
1221,5
1222,5
1223,5
1224,5
1225,5
1226,5
1227,5
1228,5
1229,5
1230,5
1231,5
1232,5
1233,5
1234,5
1235,5
1236,5
1237,5
1238,5
1239,5
1240,5
1241,5
1242,5
1243,5
1244,5
1245,5
1246,5
1247,5
1248,5
1249,5
1250,5
1251,5
1252,5
1253,5
1254,5
1255,5
1256,5
1257,5
1258,5
1259,5
1260,5
1261,5
1262,5
1263,5
1264,5
1265,5
1266,5
1267,5
1268,5
1269,5
1270,5
1271,5
1272,5
1273,5
1274,5
1275,5
1276,5
1277,5
1278,5
1279,5
1280,5
1281,5
1282,5
1283,5
1284,5
1285,5
1286,5
1287,5
1288,5
1289,5
1290,5
1291,5
1292,5
1293,5
1294,5
1295,5
1296,5
1297,5
1298,5
1299,5
1300,5
1301,5
1302,5
1303,5
1304,5
1305,5
1306,5
1307,5
1308,5
1309,5
1310,5
1311,5
1312,5
1313,5
1314,5
1315,5
1316,5
1317,5
1318,7
1319,7
1320,7
1321,7
1322,7
1323,7
1324,7
1325,7
1326,5
1327,5
1328,5
1329,5
1330,5
1331,5
1332,5
1333,6
1334,6
1335,6
1336,5
1337,5
1338,5
1339,6
1340,6
1341,6
1342,6
1343,6
1344,6
1345,6
1346,6
1347,6
1348,6
1349,6
1350,6
1351,6
1352,6
1353,6
1354,6
1355,6
1356,6
1357,6
1358,6
1359,7
1360,7
1361,7
1362,7
1363,7
1364,7
1365,7
1366,7
1367,7
1368,7
1369,7
1370,7
1371,7
1372,7
1373,7
1374,7
1375,7
1376,7
1377,7
1378,7
1379,7
1380,7
1381,7
1382,7
1383,7
1384,7
1385,7
1386,7
1387,7
1388,7
1389,7
1390,7
1391,7
1392,7
1393,7
1394,7
1395,7
1396,7
1397,6
1398,6
1399,6
1400,6
1401,6
1402,6
1403,6
1404,6
1405,6
1406,6
1407,6
1408,6
1409,6
1410,6
1411,6
1412,6
1413,6
1414,6
1415,6
1416,6
1417,7
1418,7
1419,7
1420,7
1421,7
1422,7
1423,7
1424,7
1425,7
1426,7
1427,7
1428,7
1429,7
1430,8
1431,7
1432,7
1433,7
1434,7
1435,7
1436,7
1437,7
1438,7
1439,7
1440,7
1441,7
1442,7
1443,7
1444,7
1445,7
1446,7
1447,7
1448,7
1449,7
1450,8
1451,7
1452,7
1453,7
1454,8
1455,8
1456,8
1457,8
1458,8
1459,7
1460,7
1461,7
1462,8
1463,7
1464,7
1465,8
1466,8
1467,8
1468,8
1469,8
1470,8
1471,8
1472,8
1473,8
1474,8
1475,8
1476,8
1477,8
1478,8
1479,7
1480,8
1481,8
1482,8
1483,8
1484,8
1485,8
1486,8
1487,8
1488,8
1489,8
1490,8
1491,8
1492,8
1493,8
1494,8
1495,8
1496,8
1497,8
1498,8
1499,8
1500,8
1501,8
1502,8
1503,8
1504,8
1505,8
1506,8
1507,8
1508,8
1509,8
1510,8
1511,8
1512,8
1513,8
1514,8
1515,8
1516,8
1517,8
1518,8
1519,8
1520,8
1521,8
1522,8
1523,8
1524,8
1525,8
1526,8
1527,8
1528,8
1529,8
1530,8
1531,8
1532,8
1533,8
1534,8
1535,8
1536,8
1537,8
1538,8
1539,8
1540,8
1541,8
1542,8
1543,8
1544,8
1545,8
1546,8
1547,8
1548,8
1549,8
1550,8
1551,8
1552,8
1553,8
1554,8
1555,8
1556,8
1557,8
1558,8
1559,8
1560,8
1561,8
1562,8
1563,8
1564,8
1565,8
1566,8
1567,8
1568,8
1569,8
1570,8
1571,8
1572,8
1573,8
1574,8
1575,8
1576,8
1577,8
1578,8
1579,9
1580,8
1581,8
1582,8
1583,8
1584,8
1585,8
1586,8
1587,8
1588,8
1589,8
1590,8
1591,8
1592,8
1593,8
1594,8
1595,8
1596,8
1597,8
1598,8
1599,8
1600,8
1601,8
1602,8
1603,9
1604,8
1605,8
1606,8
1607,8
1608,8
1609,8
1610,9
1611,9
1612,9
1613,9
1614,9
1615,9
1616,9
1617,9
1618,9
1619,9
1620,9
1621,9
1622,9
1623,9
1624,9
1625,9
1626,9
1627,9
1628,9
1629,9
1630,9
1631,9
1632,9
1633,9
1634,9
1635,9
1636,9
1637,9
1638,9
1639,9
1640,9
1641,9
1642,9
1643,9
1644,9
1645,9
1646,9
1647,9
1648,9
1649,9
1650,9
1651,9
1652,9
1653,9
1654,9
1655,9
1656,9
1657,9
1658,9
1659,9
1660,9
1661,9
1662,9
1663,9
1664,9
1665,9
1666,9
1667,9
1668,9
1669,9
1670,9
1671,9
1672,9
1673,9
1674,9
1675,9
1676,9
1677,9
1678,9
1679,9
1680,9
1681,9
1682,9
1683,9
1684,9
1685,9
1686,9
1687,9
1688,9
1689,9
1690,9
1691,9
1692,9
1693,9
1694,9
1695,9
1696,9
1697,9
1698,9
1699,9
1700,9
1701,9
1702,9
1703,9
1704,9
1705,9
1706,9
1707,9
1708,9
1709,9
1710,9
1711,9
1712,9
1713,9
1714,9
1715,9
1716,9
1717,9
1718,9
1719,9
1720,9
1721,9
1722,9
1723,9
1724,9
1725,9
1726,9
1727,9
1728,9
1729,9
1730,9
1731,9
1732,9
1733,9
1734,9
1735,9
1736,9
1737,9
1738,9
1739,9
1740,9
1741,9
1742,9
1743,9
1744,9
1745,9
1746,9
1747,9
1748,9
1749,9
1750,9
1751,9
1752,9
1753,9
1754,9
1755,9
1756,9
1757,9
1758,9
1759,9
1760,9
1761,9
1762,9
1763,9
1764,9
1765,9
1766,9
1767,9
1768,9
1769,9
1770,9
1771,9
1772,9
1773,9
1774,9
1775,9
1776,9
1777,9
1778,9
1779,9
1780,9
1781,9
1782,9
1783,9
1784,9
1785,9
1786,9
1787,9
1788,9
1789,9
1790,9
1791,9
1792,9
1793,9
1794,9
1795,9
1796,9
1797,9
1798,9
1799,9
1800,9
1801,9
1802,9
1803,9
1804,9
1805,9
1806,9
1807,9
1808,9
1809,9
1810,9
1811,9
1812,9
1813,9
1814,9
1815,9
1816,14
1817,14
1818,14
1819,14
1820,14
1821,14
1822,14
1823,14
1824,14
1825,14
1826,14
1827,14
1828,14
1829,14
1830,14
1831,14
1832,14
1833,14
1834,14
1835,14
1836,14
1837,14
1838,14
1839,14
1840,14
1841,14
1842,14
1843,14
1844,14
1845,14
1846,14
1847,14
1848,14
1849,14
1850,14
1851,14
1852,14
1853,14
1854,14
1855,14
1856,14
1857,14
1858,14
1859,14
1860,14
1861,14
1862,14
1863,14
1864,14
1865,14
1866,14
1867,14
1868,14
1869,14
1870,14
1871,14
1872,14
1873,14
1874,14
1875,14
1876,14
1877,14
1878,14
1879,14
1880,14
1881,14
1882,14
1883,9
1884,9
1885,9
1886,9
1887,9
1888,9
1889,9
1890,9
1891,9
1892,9
1893,9
1894,9
1895,9
1896,9
1897,9
1898,9
1899,9
1900,9
1901,9
1902,9
1903,9
1904,9
1905,9
1906,9
1907,9
1908,9
1909,9
1910,9
1911,9
1912,9
1913,9
1914,9
1915,9
1916,9
1917,9
1918,9
1919,9
1920,9
1921,9
1922,9
1923,9
1924,9
1925,9
1926,9
1927,9
1928,9
1929,9
1930,9
1931,9
1932,9
1933,7
1934,7
1935,7
1936,7
1937,7
1938,7
1939,7
1940,7
1941,7
1942,7
1943,7
1944,7
1945,7
1946,9
1947,7
1948,7
1949,7
1950,7
1951,7
1952,7
1953,7
1954,7
1955,7
1956,7
1957,7
1958,7
1959,7
1960,7
1961,7
1962,7
1963,7
1964,7
1965,7
1966,7
1967,7
1968,7
1969,7
1970,7
1971,7
1972,7
1973,7
1974,7
1975,7
1976,7
1977,7
1978,7
1979,7
1980,7
1981,7
1982,7
1983,7
1984,7
1985,7
1986,9
1987,7
1988,7
1989,7
1990,9
1991,7
1992,9
1993,9
1994,9
1995,9
1996,7
1997,7
1998,7
1999,7
2000,7
2001,7
2002,7
2003,7
2004,5
2005,5
2006,5
2007,5
2008,5
2009,5
2010,5
2011,5
2012,5
2013,5
2014,5
2015,5
2016,5
2017,5
2018,5
2019,5
2020,5
2021,5
2022,5
2023,5
2024,5
2025,5
2026,5
2027,5
2028,5
2029,5
2030,5
2031,5
2032,5
2033,5
2034,5
2035,5
2036,5
2037,5
2038,5
2039,5
2040,5
2041,5
2042,5
2043,5
2044,5
2045,5
2046,5
2047,5
2048,5
2049,5
2050,5
2051,5
2052,5
2053,5
2054,5
2055,5
2056,5
2057,5
2058,5
2059,5
2060,4
2061,5
2062,5
2063,5
2064,5
2065,5
2066,5
2067,5
2068,5
2069,5
2070,5
2071,5
2072,5
2073,5
2074,5
2075,5
2076,5
2077,5
2078,5
2079,5
2080,5
2081,5
2082,10
2083,10
2084,10
2085,10
2086,10
2087,10
2088,10
2089,18
2090,18
2091,18
2092,18
2093,18
2094,18
2095,18
2096,18
2097,18
2098,18
2099,18
2100,18
2101,18
2102,18
2103,18
2104,18
2105,18
2106,18
2107,18
2108,18
2109,18
2110,18
2111,18
2112,18
2113,18
2114,18
2115,18
2116,18
2117,18
2118,18
2119,18
2120,18
2121,18
2122,18
2123,18
2124,18
2125,18
2126,18
2127,18
2128,18
2129,18
2130,18
2131,18
2132,18
2133,18
2134,18
2135,18
2136,18
2137,18
2138,18
2139,18
2140,18
2141,18
2142,18
2143,18
2144,18
2145,18
2146,18
2147,18
2148,18
2149,18
2150,18
2151,18
2152,18
2153,18
2154,18
2155,18
2156,18
2157,18
2158,18
2159,18
2160,18
2161,18
2162,18
2163,18
2164,18
2165,18
2166,18
2167,18
2168,18
2169,18
2170,18
2171,18
2172,18
2173,18
2174,18
2175,18
2176,18
2177,18
2178,18
2179,18
2180,18
2181,18
2182,18
2183,18
2184,18
2185,18
2186,18
2187,18
2188,18
2189,18
2190,18
2191,18
2192,18
2193,18
2194,18
2195,18
2196,18
2197,18
2198,18
2199,18
2200,18
2201,18
2202,18
2203,18
2204,18
2205,18
2206,18
2207,18
2208,18
2209,18
2210,18
2211,18
2212,18
2213,18
2214,18
2215,18
2216,18
2217,18
2218,18
2219,18
2220,18
2221,18
2222,18
2223,18
2224,18
2225,18
2226,18
2227,18
2228,18
2229,18
2230,18
2231,18
2232,18
2233,18
2234,18
2235,18
2236,18
2237,18
2238,18
2239,18
2240,18
2241,18
2242,18
2243,18
2244,18
2245,18
2246,18
2247,18
2248,18
2249,18
2250,17
2251,17
2252,17
2253,17
2254,17
2255,17
2256,17
2257,17
2258,17
2259,17
2260,17
2261,17
2262,17
2263,17
2264,17
2265,17
2266,17
2267,17
2268,17
2269,17
2270,17
2271,17
2272,17
2273,17
2274,17
2275,17
2276,17
2277,17
2278,17
2279,17
2280,17
2281,17
2282,17
2283,17
2284,17
2285,17
2286,17
2287,17
2288,17
2289,17
2290,17
2291,17
2292,17
2293,17
2294,17
2295,17
2296,17
2297,17
2298,17
2299,17
2300,17
2301,17
2302,17
2303,17
2304,17
2305,17
2306,17
2307,17
2308,17
2309,17
2310,17
2311,17
2312,17
2313,17
2314,17
2315,17
2316,17
2317,17
2318,17
2319,17
2320,17
2321,17
2322,17
2323,17
2324,17
2325,17
2326,17
2327,17
2328,17
2329,17
2330,17
2331,17
2332,18
2333,18
2334,18
2335,18
2336,18
2337,18
2338,18
2339,18
2340,18
2341,18
2342,18
2343,18
2344,18
2345,18
2346,18
2347,18
2348,18
2349,18
2350,18
2351,18
2352,18
2353,18
2354,18
2355,18
2356,18
2357,18
2358,18
2359,18
2360,18
2361,18
2362,18
2363,16
2364,16
2365,16
2366,16
2367,18
2368,18
2369,18
2370,18
2371,18
2372,18
2373,18
2374,18
2375,18
2376,18
2377,18
2378,18
2379,18
2380,18
2381,18
2382,18
2383,16
2384,16
2385,16
2386,16
2387,16
2388,16
2389,16
2390,16
2391,17
2392,17
2393,17
2394,17
2395,17
2396,17
2397,15
2398,15
2399,15
2400,15
2401,15
2402,15
2403,15
2404,15
2405,15
2406,15
2407,15
2408,15
2409,15
2410,15
2411,15
2412,15
2413,15
2414,15
2415,15
2416,15
2417,15
2418,15
2419,15
2420,15
2421,15
2422,15
2423,16
2424,16
2425,16
2426,16
2427,16
2428,16
2429,16
2430,16
2431,16
2432,16
2433,16
2434,16
2435,16
2436,16
2437,16
2438,18
2439,18
2440,18
2441,18
2442,18
2443,16
2444,18
2445,18
2446,18
2447,16
2448,16
2449,16
2450,16
2451,16
2452,16
2453,16
2454,16
2455,16
2456,16
2457,16
2458,16
2459,16
2460,16
2461,16
2462,16
2463,16
2464,16
2465,16
2466,16
2467,16
2468,16
2469,16
2470,16
2471,16
2472,16
2473,16
2474,16
2475,16
2476,16
2477,16
2478,16
2479,16
2480,16
2481,15
2482,15
2483,15
2484,15
2485,15
2486,15
2487,15
2488,15
2489,15
2490,15
2491,15
2492,15
2493,15
2494,15
2495,15
2496,15
2497,15
2498,15
2499,15
2500,15
2501,15
2502,15
2503,15
2504,15
2505,15
2506,15
2507,15
2508,15
2509,15
2510,15
2511,15
2512,15
2513,15
2514,15
2515,15
2516,15
2517,15
2518,15
2519,15
2520,15
2521,15
2522,15
2523,15
2524,16
2525,16
2526,16
2527,16
2528,16
2529,16
2530,16
2531,16
2532,16
2533,16
2534,16
2535,16
2536,16
2537,16
2538,16
2539,16
2540,16
2541,16
2542,16
2543,16
2544,16
2545,16
2546,16
2547,18
2548,16
2549,16
2550,16
2551,16
2552,16
2553,16
2554,16
2555,16
2556,16
2557,16
2558,16
2559,16
2560,16
2561,16
2562,16
2563,16
2564,16
2565,16
2566,16
2567,16
2568,16
2569,16
2570,15
2571,15
2572,15
2573,15
2574,15
2575,15
2576,15
2577,15
2578,15
2579,15
2580,15
2581,15
2582,15
2583,15
2584,15
2585,15
2586,15
2587,15
2588,15
2589,15
2590,15
2591,15
2592,15
2593,15
2594,15
2595,15
2596,15
2597,15
2598,15
2599,16
2600,16
2601,16
2602,16
2603,16
2604,16
2605,16
2606,16
2607,16
2608,16
2609,16
2610,16
2611,16
2612,16
2613,16
2614,16
2615,16
2616,16
2617,15
2618,15
2619,15
2620,15
2621,15
2622,15
2623,15
2624,15
2625,15
2626,15
2627,15
2628,15
2629,15
2630,15
2631,15
2632,15
2633,15
2634,15
2635,15
2636,15
2637,15
2638,15
2639,15
2640,15
2641,15
2642,15
2643,15
2644,15
2645,15
2646,15
2647,15
2648,15
2649,15
2650,15
2651,15
2652,15
2653,15
2654,15
2655,15
2656,15
2657,15
2658,16
2659,16
2660,16
2661,16
2662,16
2663,16
2664,16
2665,16
2666,16
2667,16
2668,16
2669,1
2670,1
2671,1
2672,1
2673,1
2674,1
2675,1
2676,1
2677,1
2678,1
2679,1
2680,1
2681,1
2682,1
2683,1
2684,1
2685,1
2686,1
2687,1
2688,1
2689,1
2690,1
2691,1
2692,1
2693,1
2694,1
2695,1
2696,1
2697,1
2698,1
2699,1
2700,1
2701,1
2702,1
2703,1
2704,1
2705,1
2706,1
2707,1
2708,1
2709,1
2710,1
2711,1
2712,1
2713,1
2714,1
2715,1
2716,1
2717,1
2718,1
2719,1
2720,1
2721,1
2722,1
2723,1
2724,1
2725,1
2726,1
2727,1
2728,1
2729,1
2730,1
2731,1
2732,1
2733,1
2734,1
2735,1
2736,1
2737,1
2738,1
2739,1
2740,1
2741,1
2742,1
2743,1
2744,1
2745,1
2746,1
2747,1
2748,1
2749,1
2750,1
2751,1
2752,1
2753,1
2754,3
2755,3
2756,3
2757,3
2758,3
2759,3
2760,3
2761,3
2762,3
2763,3
2764,3
2765,3
2766,3
2767,3
2768,3
2769,3
2770,3
2771,3
2772,3
2773,3
2774,3
2775,3
2776,3
2777,3
2778,3
2779,3
2780,3
2781,3
2782,3
2783,3
2784,3
2785,3
2786,3
2787,3
2788,3
2789,3
2790,3
2791,3
2792,3
2793,3
2794,3
2795,3
2796,3
2797,3
2798,3
2799,3
2800,3
2801,3
2802,3
2803,3
2804,3
2805,3
2806,3
2807,3
2808,3
2809,3
2810,3
2811,3
2812,3
2813,3
2814,3
2815,3
2816,3
2817,3
2818,3
2819,3
2820,3
2821,3
2822,3
2823,3
2824,3
2825,3
2826,3
2827,3
2828,3
2829,3
2830,3
2831,3
2832,3
2833,3
2834,3
2835,3
2836,3
2837,3
2838,3
2839,3
2840,3
2841,3
2842,3
2843,3
2844,3
2845,3
2846,3
2847,3
2848,3
2849,3
2850,3
2851,3
2852,3
2853,3
2854,3
2855,3
2856,3
2857,3
2858,3
2859,3
2860,3
2861,3
2862,3
2863,3
2864,3
2865,3
2866,3
2867,3
2868,3
2869,3
2870,3
2871,3
2872,3
2873,3
2874,3
2875,3
2876,3
2877,3
2878,3
2879,3
2880,3
2881,3
2882,3
2883,3
2884,3
2885,3
2886,3
2887,3
2888,3
2889,3
2890,3
2891,3
2892,3
2893,3
2894,3
2895,3
2896,3
2897,3
2898,3
2899,3
2900,3
2901,3
2902,3
2903,3
2904,3
2905,3
2906,3
2907,3
2908,3
2909,3
2910,3
2911,3
2912,3
2913,3
2914,3
2915,3
2916,3
2917,3
2918,3
2919,3
2920,3
2921,3
2922,3
2923,3
2924,3
2925,3
2926,3
2927,3
2928,3
2929,3
2930,3
2931,3
2932,3
2933,3
2934,3
2935,3
2936,3
2937,1
2938,1
2939,1
2940,1
2941,1
2942,1
2943,1
2944,1
2945,1
2946,1
2947,1
2948,1
2949,1
2950,3
2951,3
2952,3
2953,3
2954,3
2955,3
2956,3
2957,3
2958,3
2959,3
2960,3
2961,3
2962,3
2963,3
2964,3
2965,3
2966,3
2967,1
2968,1
2969,1
2970,1
2971,1
2972,1
2973,1
2974,1
2975,1
2976,1
2977,1
2978,1
2979,1
2980,1
2981,1
2982,1
2983,1
2984,1
2985,1
2986,1
2987,1
2988,1
2989,1
2990,3
2991,3
2992,3
2993,3
2994,3
2995,3
2996,3
2997,3
2998,1
2999,1
3000,1
3001,1
3002,1
3003,1
3004,1
3005,1
3006,1
3007,1
3008,1
3009,1
3010,1
3011,1
3012,1
3013,1
3014,3
3015,3
3016,1
3017,1
3018,1
3019,1
3020,1
3021,1
3022,1
3023,1
3024,1
3025,1
3026,1
3027,1
3028,1
3029,1
3030,1
3031,1
3032,1
3033,1
3034,1
3035,1
3036,1
3037,1
3038,1
3039,1
3040,1
3041,1
3042,1
3043,1
3044,1
3045,1
3046,1
3047,1
3048,1
3049,1
3050,1
3051,1
3052,1
3053,1
3054,1
3055,1
3056,1
3057,1
3058,1
3059,1
3060,1
3061,1
3062,1
3063,1
3064,1
3065,1
3066,1
3067,1
3068,1
3069,1
3070,1
3071,1
3072,1
3073,1
3074,1
3075,1
3076,1
3077,1
3078,3
3079,3
3080,3
3081,3
3082,3
3083,3
3084,3
3085,3
3086,3
3087,3
3088,3
3089,3
3090,3
3091,3
3092,3
3093,3
3094,2
3095,3
3096,3
3097,3
3098,3
3099,3
3100,3
3101,3
3102,3
3103,3
3104,3
3105,3
3106,3
3107,3
3108,3
3109,3
3110,3
3111,3
3112,3
3113,3
3114,3
3115,3
3116,3
3117,3
3118,3
3119,3
3120,2
3121,2
3122,2
3123,2
3124,2
3125,2
3126,3
3127,2
3128,2
3129,2
3130,2
3131,2
3132,2
3133,2
3134,2
3135,2
3136,2
3137,2
3138,2
3139,2
3140,2
3141,2
3142,2
3143,2
3144,2
3145,2
3146,2
3147,2
3148,2
3149,2
3150,2
3151,2
3152,2
3153,2
3154,2
3155,2
3156,2
3157,2
3158,2
3159,2
3160,2
3161,2
3162,2
3163,2
3164,2
3165,2
3166,2
3167,2
3168,2
3169,2
3170,2
3171,2
3172,2
3173,2
3174,2
3175,2
3176,2
3177,2
3178,2
3179,2
3180,2
3181,2
3182,2
3183,2
3184,3
3185,3
3186,3
3187,3
3188,3
3189,3
3190,3
3191,3
3192,3
3193,3
3194,3
3195,3
3196,3
3197,3
3198,3
3199,3
3200,3
3201,3
3202,3
3203,3
3204,3
3205,3
3206,3
3207,3
3208,3
3209,3
3210,2
3211,2
3212,2
3213,2
3214,2
3215,2
3216,2
3217,2
3218,2
3219,2
3220,2
3221,2
3222,2
3223,2
3224,2
3225,2
3226,2
3227,2
3228,2
3229,2
3230,2
3231,2
3232,2
3233,2
3234,2
3235,2
3236,2
3237,2
3238,2
3239,2
3240,2
3241,2
3242,2
3243,2
3244,2
3245,2
3246,2
3247,2
3248,2
3249,2
3250,3
3251,3
3252,3
3253,3
3254,3
3255,3
3256,3
3257,3
3258,3
3259,3
3260,3
3261,3
3262,2
3263,3
3264,3
3265,3
3266,3
3267,3
3268,3
3269,3
3270,2
3271,2
3272,2
3273,2
3274,2
3275,2
3276,2
3277,2
3278,2
3279,2
3280,2
3281,2
3282,2
3283,2
3284,2
3285,2
3286,2
3287,2
3288,2
3289,2
3290,2
3291,2
3292,2
3293,2
3294,2
3295,2
3296,2
3297,2
3298,2
3299,2
3300,2
3301,2
3302,2
3303,2
3304,2
3305,2
3306,2
3307,2
3308,2
3309,2
3310,2
3311,2
3312,2
3313,2
3314,2
3315,2
3316,2
3317,2
3318,2
3319,2
3320,2
3321,2
3322,2
3323,2
3324,2
3325,2
3326,2
3327,2
3328,2
3329,2
3330,2
3331,2
3332,2
3333,2
3334,2
3335,2
3336,2
3337,2
3338,2
3339,2
3340,2
3341,2
3342,2
3343,2
3344,1
3345,1
3346,1
3347,1
3348,1
3349,1
3350,1
3351,1
3352,1
3353,1
3354,1
3355,1
3356,1
3357,1
3358,2
3359,2
3360,2
3361,2
3362,2
3363,2
3364,2
3365,2
3366,2
3367,2
3368,2
3369,2
3370,2
3371,2
3372,2
3373,2
3374,2
3375,2
3376,2
3377,2
3378,2
3379,2
3380,2
3381,2
3382,2
3383,2
3384,2
3385,2
3386,2
3387,2
3388,2
3389,2
3390,2
3391,2
3392,2
3393,2
3394,2
3395,2
3396,2
3397,2
3398,2
3399,2
3400,2
3401,2
3402,2
3403,2
3404,2
3405,2
3406,2
3407,2
3408,2
3409,2
3410,2
3411,2
3412,2
3413,2
3414,2
3415,2
3416,2
3417,2
3418,2
3419,2
3420,2
3421,2
3422,2
3423,2
3424,2
3425,2
3426,2
3427,2
3428,2
3429,2
3430,2
3431,2
3432,2
3433,2
3434,2
3435,2
3436,2
3437,2
3438,2
3439,2
3440,2
3441,2
3442,2
3443,2
3444,2
3445,2
3446,2
3447,2
3448,2
3449,2
3450,2
3451,2
3452,2
3453,2
3454,2
3455,2
3456,2
3457,2
3458,2
3459,2
3460,2
3461,2
3462,2
3463,2
3464,2
3465,2
3466,2
3467,19
3468,19
3469,19
3470,19
3471,19
3472,19
3473,19
3474,19
3475,19
3476,19
3477,19
3478,19
3479,19
3480,19
3481,19
3482,19
3483,19
3484,19
3485,19
3486,19
3487,19
3488,19
3489,19
3490,19
3491,19
3492,19
3493,19
3494,19
3495,19
3496,19
3497,19
3498,19
3499,19
3500,19
3501,19
3502,19
3503,19
3504,19
3505,19
3506,19
3507,19
3508,19
3509,19
3510,19
3511,19
3512,19
3513,19
3514,19
3515,19
3516,19
3517,19
3518,19
3519,19
3520,19
3521,19
3522,19
3523,19
3524,19
3525,19
3526,19
3527,19
3528,19
3529,19
3530,19
3531,19
3532,19
3533,19
3534,19
3535,19
3536,19
3537,19
3538,19
3539,19
3540,19
3541,19
3542,19
3543,19
3544,19
3545,19
3546,19
3547,19
3548,19
3549,19
3550,19
3551,19
3552,19
3553,19
3554,19
3555,19
3556,19
3557,19
3558,19
3559,19
3560,19
3561,19
3562,19
3563,19
3564,19
3565,19
3566,19
3567,19
3568,19
3569,19
3570,19
3571,19
3572,19
3573,19
3574,19
3575,19
3576,19
3577,19
3578,19
3579,19
3580,19
3581,19
3582,19
3583,19
3584,19
3585,19
3586,19
3587,19
3588,19
3589,19
3590,19
3591,19
3592,19
3593,19
3594,19
3595,19
3596,19
3597,19
3598,19
3599,19
3600,19
3601,19
3602,19
3603,19
3604,19
3605,19
3606,19
3607,19
3608,19
3609,19
3610,19
3611,19
3612,19
3613,19
3614,19
3615,19
3616,19
3617,19
3618,19
3619,19
3620,19
3621,19
3622,19
3623,19
3624,19
3625,19
3626,19
3627,19
3628,19
3629,19
3630,19
3631,19
3632,19
3633,19
3634,19
3635,19
3636,19
3637,19
3638,19
3639,19
3640,19
3641,19
3642,19
3643,19
3644,19
3645,19
3646,19
3647,19
3648,19
3649,19
3650,19
3651,19
3652,19
3653,19
3654,19
3655,19
3656,19
3657,19
3658,19
3659,19
3660,19
3661,19
3662,19
3663,19
3664,19
3665,19
3666,19
3667,19
3668,19
3669,19
3670,19
3671,19
3672,19
3673,19
3674,19
3675,19
3676,19
3677,19
3678,19
3679,19
3680,19
3681,19
3682,19
3683,19
3684,19
3685,19
3686,19
3687,19
3688,19
3689,19
3690,19
3691,19
3692,19
3693,19
3694,19
3695,19
3696,19
3697,19
3698,19
3699,19
3700,19
3733,20
3734,20
3735,20
3736,20
3737,20
3738,20
3739,20
3740,20
3741,20
3742,20
3743,20
3744,20
3745,20
3746,20
3747,20
3748,20
3749,20
3750,20
