parcelid,stugrd_p,stuhgh_p,stuuni_p,year
33478,420,0,0,2025
179730,175,0,0,2025
69090,486,0,0,2025
707307,60,713,0,2025
1171545,237,0,0,2025
1020640,65,65,0,2025
1226823,294,0,0,2025
769015,566,0,0,2025
843622,185,0,0,2025
90671,215,0,0,2025
840019,409,119,0,2025
937380,431,0,0,2025
238902,307,0,0,2025
202800,245,0,0,2025
911295,155,0,0,2025
889654,374,0,0,2025
760789,893,893,0,2025
903507,128,0,0,2025
796669,1217,0,0,2025
91339,7,0,0,2025
1254386,858,0,0,2025
964294,615,0,0,2025
158062,1268,0,0,2025
102105,163,0,0,2025
923448,708,0,0,2025
835758,131,0,0,2025
728199,1673,0,0,2025
74387,424,0,0,2025
1041306,33,12,0,2025
943165,424,0,0,2025
1176343,450,450,0,2025
729441,538,0,0,2025
889550,1067,0,0,2025
839037,583,0,0,2025
673334,683,0,0,2025
966745,762,0,0,2025
814955,824,0,0,2025
833058,62,0,0,2025
815047,58,58,0,2025
840329,813,0,0,2025
1151377,758,0,0,2025
53963,597,0,0,2025
126801,752,0,0,2025
183208,1093,0,0,2025
1186836,412,0,0,2025
931321,362,0,0,2025
1182467,350,0,0,2025
918149,423,0,0,2025
886182,452,0,0,2025
911806,512,0,0,2025
181183,570,0,0,2025
693302,476,0,0,2025
957933,1200,0,0,2025
224886,197,525,0,2025
873615,159,0,0,2025
220147,275,0,0,2025
40717,640,0,0,2025
889986,502,0,0,2025
714624,415,0,0,2025
127227,161,161,0,2025
1193011,219,0,0,2025
850817,512,0,0,2025
746002,432,0,0,2025
975566,1030,0,0,2025
874054,1000,0,0,2025
740502,1008,0,0,2025
108769,88,0,0,2025
226415,622,0,0,2025
112563,22,0,0,2025
973488,342,0,0,2025
235245,600,0,0,2025
1089125,204,0,0,2025
787482,648,0,0,2025
708904,619,0,0,2025
781745,408,0,0,2025
245783,174,0,0,2025
191034,722,0,0,2025
923763,293,0,0,2025
966633,796,0,0,2025
702603,332,0,0,2025
1239380,221,0,0,2025
815764,378,0,0,2025
252171,978,0,0,2025
132736,446,0,0,2025
60497,650,0,0,2025
741642,441,0,0,2025
1062368,523,0,0,2025
1090825,261,0,0,2025
78493,1368,1368,0,2025
682977,1056,0,0,2025
740520,574,0,0,2025
965882,480,0,0,2025
1110207,172,0,0,2025
135629,772,0,0,2025
862586,865,0,0,2025
777882,142,0,0,2025
930571,623,0,0,2025
1273695,52,0,0,2025
219496,740,36,0,2025
682167,322,0,0,2025
189434,620,0,0,2025
839187,495,0,0,2025
885317,441,0,0,2025
861525,1,0,0,2025
861967,557,0,0,2025
52978,421,0,0,2025
884111,487,0,0,2025
143349,762,0,0,2025
701586,752,0,0,2025
1055735,278,0,0,2025
878103,397,397,0,2025
726190,696,0,0,2025
922041,327,0,0,2025
901601,480,0,0,2025
136770,902,0,0,2025
856582,125,0,0,2025
991707,440,0,0,2025
748017,268,0,0,2025
109873,1149,0,0,2025
247669,434,0,0,2025
25559,661,0,0,2025
890777,107,0,0,2025
1149303,517,0,0,2025
1129450,430,0,0,2025
973169,652,0,0,2025
1059560,24,24,0,2025
82708,731,0,0,2025
93548,254,0,0,2025
139155,416,0,0,2025
240694,406,0,0,2025
812858,481,0,0,2025
732120,388,0,0,2025
948012,506,0,0,2025
841216,777,0,0,2025
1217362,693,0,0,2025
1184056,1388,0,0,2025
250914,358,0,0,2025
902674,410,0,0,2025
890982,580,0,0,2025
846653,324,0,0,2025
975168,499,0,0,2025
749262,921,0,0,2025
1115994,294,0,0,2025
823305,391,0,0,2025
840692,215,0,0,2025
736031,559,3,0,2025
147365,421,0,0,2025
195222,697,0,0,2025
784662,545,0,0,2025
997008,700,0,0,2025
701577,2030,0,0,2025
215364,253,0,0,2025
974305,391,0,0,2025
889223,319,0,0,2025
130919,1412,224,0,2025
787830,460,0,0,2025
928468,117,117,0,2025
768570,610,0,0,2025
1193205,695,0,0,2025
201380,964,0,0,2025
799224,214,214,0,2025
1115729,130,0,0,2025
837004,694,0,0,2025
829710,99,0,0,2025
841196,274,0,0,2025
959080,62,0,0,2025
105107,529,0,0,2025
239135,418,0,0,2025
146630,816,0,0,2025
697399,584,0,0,2025
787789,1020,0,0,2025
1200505,303,0,0,2025
852667,95,0,0,2025
1048224,325,0,0,2025
1180433,308,0,0,2025
741177,894,0,0,2025
786869,822,987,0,2025
258918,502,0,0,2025
797351,915,0,0,2025
917773,597,0,0,2025
719374,392,0,0,2025
108759,426,0,0,2025
958242,306,0,0,2025
204405,583,0,0,2025
734086,295,0,0,2025
1043733,284,0,0,2025
216545,169,0,0,2025
1133298,2,0,0,2025
237262,496,0,0,2025
850551,113,0,0,2025
889529,290,0,0,2025
958750,674,1286,0,2025
201745,713,0,0,2025
904236,959,959,0,2025
1097885,320,0,0,2025
957927,723,0,0,2025
472521,783,0,0,2025
527985,1310,0,0,2025
372473,610,0,0,2025
390354,602,0,0,2025
547838,231,0,0,2025
607265,127,0,0,2025
658909,551,0,0,2025
324902,330,0,0,2025
395158,95,0,0,2025
401236,247,0,0,2025
465606,297,0,0,2025
528123,26,0,0,2025
560753,638,0,0,2025
645199,433,0,0,2025
290667,1045,0,0,2025
354755,519,0,0,2025
624546,518,0,0,2025
1580,573,0,0,2025
3286,316,0,0,2025
298348,483,0,0,2025
472261,959,0,0,2025
495073,496,0,0,2025
554872,652,0,0,2025
573070,851,0,0,2025
2216,256,0,0,2025
430203,167,0,0,2025
457446,274,0,0,2025
476370,243,0,0,2025
481338,670,0,0,2025
1959,160,0,0,2025
352992,659,0,0,2025
469895,347,0,0,2025
275361,21,0,0,2025
341317,230,230,0,2025
376994,234,0,0,2025
400466,642,0,0,2025
529729,409,0,0,2025
547563,187,0,0,2025
607374,315,0,0,2025
616565,607,1366,0,2025
419914,388,0,0,2025
458918,456,0,0,2025
462702,487,0,0,2025
1385,1362,0,0,2025
280971,313,0,0,2025
336750,514,0,0,2025
487966,185,0,0,2025
547590,384,0,0,2025
616554,356,0,0,2025
829,84,0,0,2025
410361,594,0,0,2025
314052,334,334,0,2025
331507,16,16,0,2025
400525,552,1674,0,2025
457616,582,0,0,2025
302353,70,0,0,2025
401857,375,0,0,2025
519225,1405,0,0,2025
528680,714,0,0,2025
595150,2070,0,0,2025
671350,221,0,0,2025
3158,385,385,0,2025
294134,690,0,0,2025
564686,350,0,0,2025
636919,436,0,0,2025
664140,206,0,0,2025
347844,348,0,0,2025
472436,216,0,0,2025
615963,719,0,0,2025
651501,439,0,0,2025
2280,787,0,0,2025
286097,523,0,0,2025
365492,319,0,0,2025
393146,520,0,0,2025
493735,339,0,0,2025
549019,221,0,0,2025
572512,1197,695,0,2025
666224,10,10,0,2025
470644,1222,0,0,2025
508533,242,0,0,2025
602156,647,0,0,2025
286374,460,0,0,2025
390158,664,0,0,2025
493066,457,0,0,2025
535479,1063,0,0,2025
593597,375,0,0,2025
668791,562,0,0,2025
1430,401,0,0,2025
286342,75,0,0,2025
535065,358,358,0,2025
585280,527,0,0,2025
463686,56,0,0,2025
497511,874,874,0,2025
563657,676,0,0,2025
269532,818,0,0,2025
280383,101,101,122,2025
321803,936,0,0,2025
406716,681,0,0,2025
482849,267,0,0,2025
615611,516,0,0,2025
311392,197,0,0,2025
350275,646,0,0,2025
430105,397,0,0,2025
278473,614,0,0,2025
386211,360,0,0,2025
455593,12,12,0,2025
616229,288,0,0,2025
2065,215,0,0,2025
263888,372,0,0,2025
408926,425,0,0,2025
462237,271,0,0,2025
307672,75,0,0,2025
430362,544,0,0,2025
488799,523,0,0,2025
516225,1,0,0,2025
595655,715,0,0,2025
468987,432,0,0,2025
507420,390,0,0,2025
661248,286,0,0,2025
665819,219,0,0,2025
305571,60,0,0,2025
432775,674,0,0,2025
579279,354,0,0,2025
595194,373,0,0,2025
264762,535,0,0,2025
406689,325,0,0,2025
473254,1024,0,0,2025
474008,633,0,0,2025
493353,74,0,0,2025
511830,368,0,0,2025
672506,398,0,0,2025
293616,1252,0,0,2025
474094,392,0,0,2025
566570,267,0,0,2025
3255,366,0,0,2025
432340,329,0,0,2025
470517,261,0,0,2025
472023,314,314,0,2025
480271,114,0,0,2025
796,382,0,0,2025
446655,671,0,0,2025
566146,380,0,0,2025
573100,442,0,0,2025
587146,737,0,0,2025
277226,975,59,0,2025
326004,457,0,0,2025
636549,559,0,0,2025
637376,296,0,0,2025
1405,561,0,0,2025
1549,15,0,0,2025
2276,566,0,0,2025
383193,74,0,0,2025
408930,343,0,0,2025
411052,312,0,0,2025
431724,535,0,0,2025
671187,346,0,0,2025
431876,663,0,0,2025
521324,383,0,0,2025
537063,492,0,0,2025
545295,599,0,0,2025
559011,1022,1612,0,2025
430376,955,955,0,2025
460694,463,0,0,2025
470877,260,0,0,2025
582901,1097,0,0,2025
607025,315,0,0,2025
1370,346,0,0,2025
300703,666,0,0,2025
320253,28,0,0,2025
360294,400,0,0,2025
407161,728,0,0,2025
432789,730,0,0,2025
464936,488,0,0,2025
669146,711,2023,0,2025
827,485,0,0,2025
347988,790,0,0,2025
461690,728,0,0,2025
472728,707,0,0,2025
618652,524,0,0,2025
622021,398,0,0,2025
296914,207,1609,0,2025
328626,625,0,0,2025
400762,23,23,0,2025
436069,388,0,0,2025
635140,448,0,0,2025
643689,770,0,0,2025
652343,887,0,0,2025
630,312,0,0,2025
309290,431,0,0,2025
318513,394,0,0,2025
334108,703,0,0,2025
345100,133,0,0,2025
461989,291,0,0,2025
196,375,0,2480,2025
1253,411,0,0,2025
284508,324,0,0,2025
562560,430,0,0,2025
2090,415,0,0,2025
528331,371,0,0,2025
534936,1288,0,0,2025
588778,26,0,0,2025
1592,392,0,0,2025
291090,510,1093,0,2025
299217,105,0,0,2025
462262,409,0,0,2025
509041,519,0,0,2025
548217,323,0,0,2025
1404,429,0,0,2025
346267,41,0,0,2025
476226,791,791,0,2025
572264,955,0,0,2025
867,313,313,0,2025
381156,259,0,0,2025
471159,577,0,0,2025
509560,449,0,0,2025
3160,171,0,0,2025
1956,364,453,0,2025
1043446,141,0,0,2025
447462,676,0,0,2025
461965,255,0,0,2025
502436,327,0,0,2025
529627,210,210,0,2025
563667,151,0,0,2025
635139,339,0,0,2025
652964,440,601,0,2025
657696,140,0,0,2025
422532,443,0,0,2025
478392,610,0,0,2025
481300,258,0,0,2025
526011,481,0,0,2025
427648,306,0,0,2025
472637,97,0,0,2025
515618,268,0,0,2025
572777,548,0,0,2025
586517,1000,0,0,2025
625793,472,0,0,2025
1779,1246,1246,0,2025
345782,513,0,0,2025
590529,625,0,0,2025
594639,627,0,0,2025
668835,499,0,0,2025
266120,611,0,0,2025
276389,618,0,0,2025
317206,658,0,0,2025
412265,741,0,0,2025
531429,52,0,0,2025
626317,453,0,0,2025
628772,493,0,0,2025
666250,351,906,0,2025
364373,563,0,0,2025
570477,478,0,0,2025
276560,141,0,0,2025
408962,275,0,0,2025
522367,276,0,0,2025
302420,556,0,0,2025
370549,623,0,0,2025
470318,459,0,0,2025
488874,157,0,0,2025
568525,1500,1500,0,2025
652008,497,0,0,2025
661421,37,0,0,2025
353346,548,0,0,2025
526576,732,0,0,2025
1434,348,0,0,2025
1604,702,0,0,2025
381170,532,0,0,2025
382934,541,0,0,2025
432008,702,1565,0,2025
524658,445,0,0,2025
637069,614,0,0,2025
2374,131,0,0,2025
283092,57,0,0,2025
314331,569,0,0,2025
478931,364,0,0,2025
584582,520,0,0,2025
2396,340,0,0,2025
342593,63,0,0,2025
297407,436,0,0,2025
343673,1102,0,0,2025
429801,293,0,0,2025
518058,389,0,0,2025
615964,993,0,0,2025
1818,163,0,0,2025
1860,494,0,0,2025
2245,227,0,0,2025
497476,359,0,0,2025
594608,652,0,0,2025
652411,496,0,0,2025
1538,379,0,0,2025
344741,616,0,0,2025
412269,971,0,0,2025
431085,462,0,0,2025
514766,97,0,0,2025
1310,601,601,0,2025
367722,110,110,0,2025
370035,487,0,0,2025
2088,35,35,0,2025
295900,373,0,0,2025
594640,829,0,0,2025
626797,715,0,0,2025
296520,249,0,0,2025
459776,563,0,0,2025
470537,338,0,0,2025
531711,411,0,0,2025
535360,663,0,0,2025
864616,191,0,0,2025
682762,450,0,0,2025
546788,400,0,0,2025
964147,1925,1644,0,2025
679853,1072,0,0,2025
546787,649,0,0,2025
546786,446,0,0,2025
816184,87,1239,0,2025
778139,341,0,0,2025
1072150,571,0,0,2025
864669,838,0,0,2025
769316,474,0,0,2025
115670,783,0,0,2025
216666,474,0,0,2025
849833,651,0,0,2025
1255320,505,0,0,2025
804272,421,0,0,2025
884064,432,0,0,2025
1273546,62,0,0,2025
952382,285,0,0,2025
236706,2414,0,0,2025
71767,846,0,0,2025
803960,82,77,0,2025
58889,415,0,0,2025
50258,535,0,0,2025
844525,514,0,0,2025
258556,442,103,0,2025
207684,381,0,0,2025
738799,1079,0,0,2025
777555,132,0,0,2025
734085,100,1145,0,2025
49720,467,843,0,2025
800886,540,0,0,2025
199592,555,0,0,2025
142103,478,0,0,2025
221126,805,0,0,2025
958086,499,0,0,2025
71906,445,0,0,2025
720654,658,0,0,2025
728410,361,0,0,2025
966550,289,0,0,2025
258402,466,0,0,2025
224324,574,0,0,2025
175819,60,0,0,2025
54480,477,477,0,2025
676370,471,0,0,2025
1122459,220,0,0,2025
229148,394,0,0,2025
846417,71,0,0,2025
741664,66,179,0,2025
910740,412,0,0,2025
51254,106,106,0,2025
917659,1356,0,0,2025
734091,528,0,0,2025
694972,42,0,0,2025
1127354,723,0,0,2025
1207503,341,0,0,2025
1230383,467,0,0,2025
1084566,725,0,0,2025
244343,328,0,0,2025
946028,820,0,0,2025
1252258,572,0,0,2025
911253,256,0,0,2025
902021,390,0,0,2025
1172171,540,0,0,2025
749492,788,0,0,2025
236477,410,0,0,2025
53490,227,0,0,2025
741637,108,0,0,2025
234407,361,0,0,2025
1179491,290,0,0,2025
943409,1163,0,0,2025
253429,1021,0,0,2025
908980,652,0,0,2025
834206,242,0,0,2025
707281,1028,0,0,2025
739399,327,0,0,2025
729230,323,0,0,2025
736480,197,0,0,2025
251391,598,0,0,2025
966458,369,0,0,2025
919644,746,0,0,2025
797362,262,262,0,2025
885936,925,0,0,2025
748049,360,0,0,2025
177409,800,0,0,2025
825443,237,0,0,2025
901959,188,206,0,2025
797405,457,0,0,2025
1096921,298,0,0,2025
17128,847,0,0,2025
12455,776,0,0,2025
835076,371,0,0,2025
727971,211,0,0,2025
872350,269,0,0,2025
710269,298,0,0,2025
1080130,288,0,0,2025
698929,269,0,0,2025
691526,714,0,0,2025
797507,331,0,0,2025
242233,570,570,0,2025
899795,211,0,0,2025
1242010,169,0,0,2025
917505,1325,15,0,2025
1022224,798,0,0,2025
768534,461,0,0,2025
152833,834,0,0,2025
239606,507,0,0,2025
58922,1033,0,0,2025
76894,1582,0,0,2025
903514,726,0,0,2025
127063,442,0,0,2025
159380,144,0,0,2025
1022222,422,0,0,2025
681313,512,0,0,2025
973951,526,0,0,2025
962018,466,0,0,2025
167553,343,0,0,2025
121972,495,0,0,2025
159410,804,0,0,2025
833481,583,0,0,2025
839928,378,0,0,2025
840604,270,0,0,2025
1172550,84,0,0,2025
810726,871,0,0,2025
219203,279,0,0,2025
945181,438,0,0,2025
768564,192,0,0,2025
161877,374,0,0,2025
682539,459,0,0,2025
840696,649,0,0,2025
787780,275,0,0,2025
1121754,333,0,0,2025
1104886,357,0,0,2025
821641,874,0,0,2025
223225,792,0,0,2025
105111,23,23,0,2025
715985,427,0,0,2025
759355,140,152,0,2025
822046,823,0,0,2025
920037,435,0,0,2025
795407,802,0,0,2025
45393,474,0,0,2025
754263,1082,0,0,2025
1199104,1564,0,0,2025
874763,364,0,0,2025
958176,574,0,0,2025
993427,530,0,0,2025
832671,737,0,0,2025
1098479,271,0,0,2025
139771,388,0,0,2025
783266,545,0,0,2025
835124,55,0,0,2025
49724,597,0,0,2025
833992,305,0,0,2025
1171872,95,0,0,2025
841340,657,0,0,2025
83535,266,0,0,2025
194877,297,0,0,2025
702149,165,0,0,2025
977776,1206,0,0,2025
933123,588,0,0,2025
756091,323,0,0,2025
873594,116,135,0,2025
797375,295,0,0,2025
75920,858,0,0,2025
169095,811,0,0,2025
12576,413,0,0,2025
925276,484,0,0,2025
795619,116,116,0,2025
707971,272,0,0,2025
224393,337,0,0,2025
10483,579,0,0,2025
126947,493,0,0,2025
740452,381,0,0,2025
954623,630,0,0,2025
756182,302,0,0,2025
752499,588,0,0,2025
890990,457,0,0,2025
58598,188,0,0,2025
1098314,106,0,0,2025
973746,224,0,0,2025
750106,299,0,0,2025
225470,569,0,0,2025
918616,899,0,0,2025
821508,298,0,0,2025
732029,341,0,0,2025
1162286,1002,0,0,2025
961384,405,0,0,2025
722034,1561,1187,0,2025
856546,493,0,0,2025
232637,342,0,0,2025
958066,620,620,0,2025
1197791,1054,0,0,2025
22430,898,0,0,2025
800745,726,0,0,2025
1129117,445,0,0,2025
827296,666,0,0,2025
778699,528,0,0,2025
211173,225,0,0,2025
697296,386,0,0,2025
756052,870,0,0,2025
1005653,229,0,0,2025
1024305,362,0,0,2025
1266413,99,0,0,2025
10133,538,0,0,2025
180794,315,0,0,2025
1223567,53,53,0,2025
111696,537,0,0,2025
987597,515,0,0,2025
958749,1040,0,0,2025
797237,144,0,0,2025
202857,295,0,0,2025
727985,365,0,0,2025
725564,283,283,0,2025
1156070,294,0,0,2025
797273,720,0,0,2025
834239,394,394,0,2025
932181,759,0,0,2025
1105111,391,0,0,2025
16827,492,148,0,2025
817165,523,0,0,2025
216667,181,0,0,2025
757260,284,0,0,2025
839403,617,0,0,2025
1035993,324,0,0,2025
173847,1806,0,0,2025
700780,309,0,0,2025
708837,440,0,0,2025
90085,41,0,0,2025
966479,236,0,0,2025
918156,329,0,0,2025
678800,527,0,0,2025
57931,694,0,0,2025
123568,1048,0,0,2025
31056,255,208,0,2025
736332,377,0,0,2025
697748,643,0,0,2025
234183,196,0,0,2025
890887,55,55,0,2025
840833,574,0,0,2025
851448,362,0,0,2025
766564,355,0,0,2025
731876,414,0,0,2025
963111,460,0,0,2025
688180,1065,0,0,2025
733459,15,82,0,2025
958677,574,0,0,2025
1247318,512,0,0,2025
683380,318,0,0,2025
1033417,1065,0,0,2025
682181,602,0,0,2025
712794,474,0,0,2025
198909,761,0,0,2025
873329,482,0,0,2025
104755,353,0,0,2025
795424,763,0,0,2025
235489,55,0,0,2025
1267429,386,0,0,2025
253425,422,0,0,2025
248041,130,130,0,2025
918895,517,0,0,2025
1037178,269,0,0,2025
1017520,593,0,0,2025
717333,10,26,0,2025
167503,388,0,0,2025
840963,334,0,0,2025
821557,243,0,0,2025
157843,995,995,0,2025
992804,664,0,0,2025
10726,258,0,0,2025
950466,315,0,0,2025
25757,1397,722,0,2025
779226,651,0,0,2025
850906,494,0,0,2025
944774,361,0,0,2025
821558,426,0,0,2025
1266344,356,0,0,2025
775065,461,0,0,2025
76874,5,5,0,2025
855589,457,0,0,2025
87152,565,0,0,2025
88909,91,91,0,2025
1184569,514,0,0,2025
768152,490,0,0,2025
708349,547,0,0,2025
766330,450,0,0,2025
1241253,182,0,0,2025
706952,1183,0,0,2025
957748,509,0,0,2025
159724,734,0,0,2025
732373,276,0,0,2025
820980,528,0,0,2025
816158,241,0,0,2025
1162403,28,28,0,2025
728123,722,722,0,2025
159404,154,0,0,2025
931502,104,42,0,2025
218328,82,82,0,2025
874744,134,134,0,2025
16813,1086,0,0,2025
947065,127,0,0,2025
36088,51,0,0,2025
703060,1390,0,0,2025
1246229,415,0,0,2025
931553,405,0,0,2025
156605,636,0,0,2025
732541,1415,0,0,2025
756511,185,0,0,2025
714089,361,0,0,2025
862495,615,0,0,2025
1212609,457,0,0,2025
838756,408,0,0,2025
1192777,27,27,0,2025
797320,998,35,0,2025
972471,620,0,0,2025
797466,783,0,0,2025
90812,615,0,0,2025
890759,424,0,0,2025
768664,779,0,0,2025
1236239,268,0,0,2025
748561,2092,0,0,2025
17282,625,0,0,2025
1134296,992,0,0,2025
717366,445,0,0,2025
170469,833,0,0,2025
20436,15,15,0,2025
786450,387,387,0,2025
1058936,1917,0,0,2025
944482,506,0,0,2025
889166,760,0,0,2025
152621,420,0,0,2025
134321,1361,0,0,2025
107814,438,0,0,2025
61206,696,0,0,2025
1020551,472,0,0,2025
731953,1901,0,0,2025
864250,311,0,0,2025
154534,850,0,0,2025
1100919,972,972,0,2025
66496,737,0,0,2025
943935,169,0,0,2025
959079,3517,3517,0,2025
891009,1614,0,0,2025
902835,602,0,0,2025
860479,53,0,0,2025
824934,450,0,0,2025
696121,545,0,0,2025
1189547,79,0,0,2025
1004245,485,0,0,2025
211685,417,0,0,2025
1057052,434,0,0,2025
889880,761,0,0,2025
884063,323,0,0,2025
1133262,828,0,0,2025
742491,283,0,0,2025
123081,518,0,0,2025
683653,465,0,0,2025
1254080,180,0,0,2025
1176414,492,0,0,2025
1189127,380,0,0,2025
1043065,322,0,0,2025
874768,344,0,0,2025
866761,96,0,0,2025
795729,457,0,0,2025
912743,1158,0,0,2025
1247706,461,0,0,2025
118517,508,0,0,2025
943968,640,640,0,2025
172580,383,0,0,2025
1015449,627,0,0,2025
873970,407,0,0,2025
1177785,342,0,0,2025
1093203,686,0,0,2025
238194,81,81,0,2025
975172,1567,0,0,2025
1056939,444,0,0,2025
731568,213,0,0,2025
10368,393,0,0,2025
1027740,529,0,0,2025
987815,303,0,0,2025
87644,260,0,0,2025
132806,853,1324,0,2025
890978,424,0,0,2025
117196,531,0,0,2025
1042613,565,0,0,2025
1232796,417,0,0,2025
850567,367,367,0,2025
739623,767,0,0,2025
71675,170,170,0,2025
735408,1531,0,0,2025
674511,463,0,0,2025
1207502,134,134,0,2025
775685,828,0,0,2025
799840,181,0,0,2025
129985,531,0,0,2025
152620,287,0,0,2025
1222606,1120,1120,0,2025
1131111,307,0,0,2025
847774,273,0,0,2025
942708,369,0,0,2025
700685,584,0,0,2025
176464,953,0,0,2025
697002,149,149,0,2025
966454,634,0,0,2025
1187923,356,0,0,2025
956921,400,0,0,2025
1030548,305,0,0,2025
81245,783,0,0,2025
1226855,885,0,0,2025
1126390,73,0,0,2025
717396,0,883,0,2025
22422,0,1873,0,2025
183209,0,2968,0,2025
903672,0,639,0,2025
1219090,0,860,0,2025
701214,0,1900,0,2025
840327,0,1494,0,2025
886164,0,1800,0,2025
198874,0,1449,0,2025
797352,0,1115,0,2025
674256,0,1534,0,2025
833248,0,880,0,2025
813866,0,2062,0,2025
235091,0,1635,0,2025
1032888,0,107,0,2025
146433,0,749,0,2025
739765,0,1381,0,2025
829697,0,310,0,2025
455549,0,136,0,2025
526595,0,641,0,2025
1323,0,1372,0,2025
1605,0,1011,0,2025
570079,0,1180,0,2025
671228,0,390,0,2025
425270,0,1445,0,2025
1773,0,596,0,2025
660606,0,1828,0,2025
658936,0,1377,0,2025
376760,0,763,0,2025
635096,0,533,0,2025
1965,0,44,0,2025
492761,0,129,0,2025
303199,0,1590,0,2025
340181,0,2264,0,2025
513540,0,1438,0,2025
547559,0,502,0,2025
451498,0,513,0,2025
1778,0,1070,0,2025
344463,0,243,0,2025
1877,0,154,0,2025
462283,0,1319,0,2025
494920,0,61,0,2025
455013,0,1005,0,2025
461952,0,783,0,2025
325106,0,1895,0,2025
578033,0,154,0,2025
663070,0,68,4786,2025
265281,0,1101,0,2025
440301,0,1145,0,2025
487033,0,412,0,2025
594605,0,2618,0,2025
1859,0,1509,0,2025
276254,0,925,0,2025
660743,0,1625,0,2025
668658,0,1725,0,2025
431188,0,1459,0,2025
534899,0,1383,0,2025
476651,0,1900,0,2025
3261,0,2005,0,2025
566395,0,1260,0,2025
816104,0,956,0,2025
1187092,0,485,0,2025
959089,0,958,0,2025
832638,0,2407,0,2025
26956,0,149,0,2025
11022,0,1757,0,2025
975166,0,2503,0,2025
706634,0,384,0,2025
88954,0,161,0,2025
1155579,0,2,0,2025
126970,0,1622,0,2025
868486,0,1275,0,2025
700777,0,1803,0,2025
159421,0,108,0,2025
911258,0,1103,0,2025
913705,0,221,0,2025
57311,0,257,0,2025
697450,0,2026,0,2025
884145,0,770,0,2025
756059,0,2057,0,2025
726178,0,1462,0,2025
91565,0,2070,0,2025
913317,0,52,0,2025
47057,0,1360,0,2025
108055,0,1625,0,2025
812871,0,1486,0,2025
697848,0,2266,0,2025
957529,0,1810,0,2025
152781,0,1979,0,2025
872914,0,1098,0,2025
720656,0,142,0,2025
795268,0,1010,0,2025
160941,0,1885,0,2025
889211,0,311,0,2025
721669,0,1618,0,2025
700806,0,1800,0,2025
913979,0,1601,0,2025
959316,0,1283,0,2025
824345,0,1394,0,2025
840142,0,6,0,2025
1171546,0,1833,0,2025
887616,0,16,0,2025
143622,0,864,0,2025
974297,0,1377,0,2025
680437,0,583,0,2025
70736,0,1313,0,2025
173870,0,1627,0,2025
229203,0,1918,0,2025
102241,0,210,0,2025
921246,0,1442,0,2025
1225508,0,1425,0,2025
768159,0,993,0,2025
1104871,0,2020,0,2025
1037794,0,430,0,2025
796750,0,1987,0,2025
1055208,0,10,0,2025
111727,0,277,0,2025
966322,0,589,0,2025
803353,0,1432,0,2025
815046,0,1604,0,2025
721521,0,1050,0,2025
256304,0,2543,0,2025
1078442,0,0,4701,2025
740439,0,0,10272,2025
768992,0,0,4632,2025
1110053,0,0,1560,2025
716569,0,0,386,2025
718311,0,0,1051,2025
305217,0,0,140,2025
653,0,0,752,2025
427609,0,0,7369,2025
537641,0,0,4214,2025
432441,0,0,4797,2025
591990,0,0,4772,2025
486971,0,0,5820,2025
495757,0,0,3779,2025
476204,0,0,3673,2025
472424,0,0,2881,2025
377717,0,0,7009,2025
864614,0,0,1562,2025
852160,0,0,361,2025
813605,0,0,96,2025
903885,0,0,4758,2025
803940,0,0,172,2025
1133328,0,0,4366,2025
104918,0,0,9770,2025
1089776,0,0,5552,2025
795018,0,0,10289,2025
220196,0,0,11690,2025
829190,0,0,8256,2025
1136670,0,0,733,2025
932775,0,0,4521,2025
1230975,0,0,3589,2025
797163,0,0,43317,2025
915582,0,0,860,2025
795274,0,0,8375,2025
708822,0,0,6024,2025
716797,0,0,997,2025
1258256,0,0,1323,2025
123168,0,0,362,2025
888863,0,0,538,2025
829204,0,0,111,2025
33478,459,0,0,2040
179730,294,0,0,2040
69090,543,0,0,2040
707307,66,787,0,2040
1171545,225,0,0,2040
1020640,48,48,0,2040
1226823,515,0,0,2040
769015,251,0,0,2040
843622,231,0,0,2040
90671,280,0,0,2040
840019,353,132,0,2040
937380,365,0,0,2040
238902,339,0,0,2040
202800,290,0,0,2040
911295,132,0,0,2040
889654,388,0,0,2040
760789,863,863,0,2040
903507,131,0,0,2040
796669,537,0,0,2040
91339,21,0,0,2040
1254386,886,0,0,2040
964294,1664,0,0,2040
158062,2462,0,0,2040
102105,195,0,0,2040
923448,781,0,0,2040
835758,145,0,0,2040
728199,1607,0,0,2040
74387,474,0,0,2040
1041306,36,21,0,2040
943165,428,0,0,2040
1176343,439,439,0,2040
729441,550,0,0,2040
889550,1059,0,0,2040
839037,643,0,0,2040
673334,707,0,0,2040
966745,378,0,0,2040
814955,357,0,0,2040
833058,145,0,0,2040
815047,69,69,0,2040
840329,800,0,0,2040
1151377,1190,0,0,2040
53963,305,0,0,2040
126801,907,0,0,2040
183208,2137,0,0,2040
1186836,455,0,0,2040
931321,409,0,0,2040
1182467,330,0,0,2040
918149,682,0,0,2040
886182,522,0,0,2040
911806,529,0,0,2040
181183,613,0,0,2040
693302,478,0,0,2040
957933,1241,0,0,2040
224886,219,993,0,2040
873615,137,0,0,2040
220147,285,0,0,2040
40717,767,0,0,2040
889986,625,0,0,2040
714624,439,0,0,2040
127227,187,187,0,2040
1193011,247,0,0,2040
850817,522,0,0,2040
746002,177,0,0,2040
975566,957,0,0,2040
874054,1023,0,0,2040
740502,1041,0,0,2040
108769,220,0,0,2040
226415,1039,0,0,2040
112563,49,0,0,2040
973488,333,0,0,2040
235245,746,0,0,2040
1089125,427,0,0,2040
787482,629,0,0,2040
708904,756,0,0,2040
781745,438,0,0,2040
245783,197,0,0,2040
191034,794,0,0,2040
923763,300,0,0,2040
966633,780,0,0,2040
702603,369,0,0,2040
1239380,293,0,0,2040
815764,413,0,0,2040
252171,1132,0,0,2040
132736,491,0,0,2040
60497,717,0,0,2040
741642,437,0,0,2040
1062368,488,0,0,2040
1090825,277,0,0,2040
78493,1684,1684,0,2040
682977,1191,0,0,2040
740520,594,0,0,2040
965882,489,0,0,2040
1110207,142,0,0,2040
135629,885,0,0,2040
862586,894,0,0,2040
777882,181,0,0,2040
930571,306,0,0,2040
1273695,74,0,0,2040
219496,831,40,0,2040
682167,276,0,0,2040
189434,1476,0,0,2040
839187,495,0,0,2040
885317,435,0,0,2040
861525,2,0,0,2040
861967,1320,0,0,2040
52978,608,0,0,2040
884111,246,0,0,2040
143349,1057,0,0,2040
701586,348,0,0,2040
1055735,280,0,0,2040
878103,624,624,0,2040
726190,851,0,0,2040
922041,325,0,0,2040
901601,519,0,0,2040
136770,920,0,0,2040
856582,247,0,0,2040
991707,452,0,0,2040
748017,287,0,0,2040
109873,2015,0,0,2040
247669,455,0,0,2040
25559,814,0,0,2040
890777,165,0,0,2040
1149303,474,0,0,2040
1129450,432,0,0,2040
973169,633,0,0,2040
1059560,27,27,0,2040
82708,879,0,0,2040
93548,317,0,0,2040
139155,520,0,0,2040
240694,494,0,0,2040
812858,544,0,0,2040
732120,393,0,0,2040
948012,532,0,0,2040
841216,794,0,0,2040
1217362,669,0,0,2040
1184056,1110,0,0,2040
250914,428,0,0,2040
902674,456,0,0,2040
890982,560,0,0,2040
846653,346,0,0,2040
975168,564,0,0,2040
749262,939,0,0,2040
1115994,326,0,0,2040
823305,374,0,0,2040
840692,192,0,0,2040
736031,1533,7,0,2040
147365,435,0,0,2040
195222,861,0,0,2040
784662,601,0,0,2040
997008,319,0,0,2040
701577,2183,0,0,2040
215364,273,0,0,2040
974305,364,0,0,2040
889223,271,0,0,2040
130919,1786,249,0,2040
787830,481,0,0,2040
928468,276,276,0,2040
768570,658,0,0,2040
1193205,704,0,0,2040
201380,1197,0,0,2040
799224,237,237,0,2040
1115729,128,0,0,2040
837004,657,0,0,2040
829710,268,0,0,2040
841196,295,0,0,2040
959080,111,0,0,2040
105107,704,0,0,2040
239135,196,0,0,2040
146630,870,0,0,2040
697399,550,0,0,2040
787789,2123,0,0,2040
1200505,484,0,0,2040
852667,88,0,0,2040
1048224,276,0,0,2040
1180433,249,0,0,2040
741177,951,0,0,2040
786869,993,1202,0,2040
258918,573,0,0,2040
797351,967,0,0,2040
917773,571,0,0,2040
719374,397,0,0,2040
108759,472,0,0,2040
958242,288,0,0,2040
204405,1026,0,0,2040
734086,506,0,0,2040
1043733,285,0,0,2040
216545,187,0,0,2040
1133298,2,0,0,2040
237262,621,0,0,2040
850551,108,0,0,2040
889529,309,0,0,2040
958750,276,1306,0,2040
201745,817,0,0,2040
904236,1023,1023,0,2040
1097885,303,0,0,2040
957927,1827,0,0,2040
472521,1684,0,0,2040
527985,943,0,0,2040
372473,594,0,0,2040
390354,586,0,0,2040
547838,318,0,0,2040
607265,123,0,0,2040
658909,608,0,0,2040
324902,489,0,0,2040
395158,141,0,0,2040
401236,206,0,0,2040
465606,262,0,0,2040
528123,24,0,0,2040
560753,1037,0,0,2040
645199,425,0,0,2040
290667,1472,0,0,2040
354755,553,0,0,2040
624546,529,0,0,2040
1580,1206,0,0,2040
3286,297,0,0,2040
298348,536,0,0,2040
472261,690,0,0,2040
495073,724,0,0,2040
554872,594,0,0,2040
573070,1118,0,0,2040
2216,208,0,0,2040
430203,262,0,0,2040
457446,367,0,0,2040
476370,214,0,0,2040
481338,1938,0,0,2040
1959,299,0,0,2040
352992,656,0,0,2040
469895,302,0,0,2040
275361,25,0,0,2040
341317,255,255,0,2040
376994,319,0,0,2040
400466,1352,0,0,2040
529729,389,0,0,2040
547563,174,0,0,2040
607374,294,0,0,2040
616565,583,1313,0,2040
419914,522,0,0,2040
458918,600,0,0,2040
462702,614,0,0,2040
1385,1323,0,0,2040
280971,285,0,0,2040
336750,515,0,0,2040
487966,306,0,0,2040
547590,419,0,0,2040
616554,333,0,0,2040
829,86,0,0,2040
410361,744,0,0,2040
314052,383,383,0,2040
331507,31,31,0,2040
400525,539,1716,0,2040
457616,276,0,0,2040
302353,63,0,0,2040
401857,373,0,0,2040
519225,1339,0,0,2040
528680,788,0,0,2040
595150,1882,0,0,2040
671350,200,0,0,2040
3158,455,455,0,2040
294134,965,0,0,2040
564686,581,0,0,2040
636919,450,0,0,2040
664140,227,0,0,2040
347844,367,0,0,2040
472436,266,0,0,2040
615963,651,0,0,2040
651501,415,0,0,2040
2280,771,0,0,2040
286097,686,0,0,2040
365492,306,0,0,2040
393146,475,0,0,2040
493735,302,0,0,2040
549019,273,0,0,2040
572512,1211,689,0,2040
666224,11,11,0,2040
470644,1345,0,0,2040
508533,271,0,0,2040
602156,616,0,0,2040
286374,507,0,0,2040
390158,635,0,0,2040
493066,503,0,0,2040
535479,973,0,0,2040
593597,358,0,0,2040
668791,744,0,0,2040
1430,395,0,0,2040
286342,90,0,0,2040
535065,801,801,0,2040
585280,719,0,0,2040
463686,55,0,0,2040
497511,1000,1000,0,2040
563657,367,0,0,2040
269532,893,0,0,2040
280383,184,184,122,2040
321803,2612,0,0,2040
406716,691,0,0,2040
482849,324,0,0,2040
615611,482,0,0,2040
311392,250,0,0,2040
350275,286,0,0,2040
430105,500,0,0,2040
278473,265,0,0,2040
386211,363,0,0,2040
455593,14,14,0,2040
616229,271,0,0,2040
2065,323,0,0,2040
263888,663,0,0,2040
408926,227,0,0,2040
462237,251,0,0,2040
307672,96,0,0,2040
430362,737,0,0,2040
488799,647,0,0,2040
516225,1,0,0,2040
595655,679,0,0,2040
468987,499,0,0,2040
507420,505,0,0,2040
661248,259,0,0,2040
665819,241,0,0,2040
305571,87,0,0,2040
432775,876,0,0,2040
579279,443,0,0,2040
595194,361,0,0,2040
264762,561,0,0,2040
406689,288,0,0,2040
473254,1210,0,0,2040
474008,491,0,0,2040
493353,78,0,0,2040
511830,404,0,0,2040
672506,475,0,0,2040
293616,1397,0,0,2040
474094,499,0,0,2040
566570,355,0,0,2040
3255,372,0,0,2040
432340,439,0,0,2040
470517,343,0,0,2040
472023,356,356,0,2040
480271,98,0,0,2040
796,389,0,0,2040
446655,556,0,0,2040
566146,415,0,0,2040
573100,267,0,0,2040
587146,813,0,0,2040
277226,1774,65,0,2040
326004,380,0,0,2040
636549,545,0,0,2040
637376,282,0,0,2040
1405,571,0,0,2040
1549,24,0,0,2040
2276,628,0,0,2040
383193,73,0,0,2040
408930,251,0,0,2040
411052,449,0,0,2040
431724,610,0,0,2040
671187,733,0,0,2040
431876,869,0,0,2040
521324,441,0,0,2040
537063,462,0,0,2040
545295,661,0,0,2040
559011,1002,1539,0,2040
430376,894,894,0,2040
460694,960,0,0,2040
470877,292,0,0,2040
582901,1354,0,0,2040
607025,290,0,0,2040
1370,365,0,0,2040
300703,730,0,0,2040
320253,72,0,0,2040
360294,383,0,0,2040
407161,928,0,0,2040
432789,938,0,0,2040
464936,207,0,0,2040
669146,2063,2068,0,2040
827,533,0,0,2040
347988,1583,0,0,2040
461690,803,0,0,2040
472728,750,0,0,2040
618652,495,0,0,2040
622021,366,0,0,2040
296914,228,1797,0,2040
328626,992,0,0,2040
400762,28,28,0,2040
436069,509,0,0,2040
635140,429,0,0,2040
643689,720,0,0,2040
652343,906,0,0,2040
630,333,0,0,2040
309290,486,0,0,2040
318513,578,0,0,2040
334108,426,0,0,2040
345100,155,0,0,2040
461989,462,0,0,2040
196,414,0,2736,2040
1253,367,0,0,2040
284508,295,0,0,2040
562560,405,0,0,2040
2090,420,0,0,2040
528331,350,0,0,2040
534936,1251,0,0,2040
588778,29,0,0,2040
1592,399,0,0,2040
291090,1541,1420,0,2040
299217,185,0,0,2040
462262,590,0,0,2040
509041,572,0,0,2040
548217,355,0,0,2040
1404,448,0,0,2040
346267,39,0,0,2040
476226,792,792,0,2040
572264,1063,0,0,2040
867,338,338,0,2040
381156,273,0,0,2040
471159,659,0,0,2040
509560,521,0,0,2040
3160,311,0,0,2040
1956,405,467,0,2040
1043446,144,0,0,2040
447462,811,0,0,2040
461965,399,0,0,2040
502436,373,0,0,2040
529627,232,232,0,2040
563667,250,0,0,2040
635139,353,0,0,2040
652964,442,620,0,2040
657696,135,0,0,2040
422532,555,0,0,2040
478392,734,0,0,2040
481300,346,0,0,2040
526011,427,0,0,2040
427648,432,0,0,2040
472637,105,0,0,2040
515618,250,0,0,2040
572777,794,0,0,2040
586517,885,0,0,2040
625793,221,0,0,2040
1779,1235,1235,0,2040
345782,588,0,0,2040
590529,690,0,0,2040
594639,545,0,0,2040
668835,489,0,0,2040
266120,1119,0,0,2040
276389,619,0,0,2040
317206,909,0,0,2040
412265,796,0,0,2040
531429,92,0,0,2040
626317,460,0,0,2040
628772,494,0,0,2040
666250,401,1000,0,2040
364373,492,0,0,2040
570477,208,0,0,2040
276560,181,0,0,2040
408962,425,0,0,2040
522367,359,0,0,2040
302420,640,0,0,2040
370549,687,0,0,2040
470318,1059,0,0,2040
488874,265,0,0,2040
568525,1671,1671,0,2040
652008,548,0,0,2040
661421,48,0,0,2040
353346,539,0,0,2040
526576,671,0,0,2040
1434,358,0,0,2040
1604,763,0,0,2040
381170,499,0,0,2040
382934,520,0,0,2040
432008,809,1888,0,2040
524658,566,0,0,2040
637069,631,0,0,2040
2374,126,0,0,2040
283092,56,0,0,2040
314331,528,0,0,2040
478931,497,0,0,2040
584582,604,0,0,2040
2396,338,0,0,2040
342593,68,0,0,2040
297407,481,0,0,2040
343673,1144,0,0,2040
429801,371,0,0,2040
518058,500,0,0,2040
615964,928,0,0,2040
1818,218,0,0,2040
1860,217,0,0,2040
2245,205,0,0,2040
497476,472,0,0,2040
594608,608,0,0,2040
652411,881,0,0,2040
1538,394,0,0,2040
344741,668,0,0,2040
412269,1020,0,0,2040
431085,524,0,0,2040
514766,205,0,0,2040
1310,900,900,0,2040
367722,181,181,0,2040
370035,547,0,0,2040
2088,27,27,0,2040
295900,394,0,0,2040
594640,1602,0,0,2040
626797,732,0,0,2040
296520,267,0,0,2040
459776,611,0,0,2040
470537,446,0,0,2040
531711,363,0,0,2040
535360,586,0,0,2040
864616,175,0,0,2040
682762,497,0,0,2040
546788,380,0,0,2040
964147,1949,1637,0,2040
679853,1207,0,0,2040
546787,716,0,0,2040
546786,439,0,0,2040
816184,96,1185,0,2040
778139,371,0,0,2040
1072150,623,0,0,2040
864669,926,0,0,2040
769316,511,0,0,2040
115670,1207,0,0,2040
216666,355,0,0,2040
849833,313,0,0,2040
1255320,502,0,0,2040
804272,462,0,0,2040
884064,446,0,0,2040
1273546,86,0,0,2040
952382,286,0,0,2040
236706,2750,0,0,2040
71767,966,0,0,2040
803960,91,85,0,2040
58889,536,0,0,2040
50258,674,0,0,2040
844525,481,0,0,2040
258556,542,114,0,2040
207684,596,0,0,2040
738799,1261,0,0,2040
777555,117,0,0,2040
734085,111,1184,0,2040
49720,1406,1169,0,2040
800886,240,0,0,2040
199592,795,0,0,2040
142103,1226,0,0,2040
221126,1721,0,0,2040
958086,770,0,0,2040
71906,524,0,0,2040
720654,1636,0,0,2040
728410,415,0,0,2040
966550,298,0,0,2040
258402,642,0,0,2040
224324,676,0,0,2040
175819,96,0,0,2040
54480,546,546,0,2040
676370,579,0,0,2040
1122459,283,0,0,2040
229148,395,0,0,2040
846417,79,0,0,2040
741664,72,162,0,2040
910740,372,0,0,2040
51254,145,145,0,2040
917659,1366,0,0,2040
734091,582,0,0,2040
694972,51,0,0,2040
1127354,607,0,0,2040
1207503,342,0,0,2040
1230383,451,0,0,2040
1084566,311,0,0,2040
244343,387,0,0,2040
946028,1522,0,0,2040
1252258,230,0,0,2040
911253,197,0,0,2040
902021,408,0,0,2040
1172171,957,0,0,2040
749492,866,0,0,2040
236477,504,0,0,2040
53490,297,0,0,2040
741637,210,0,0,2040
234407,406,0,0,2040
1179491,317,0,0,2040
943409,1220,0,0,2040
253429,2639,0,0,2040
908980,720,0,0,2040
834206,257,0,0,2040
707281,1135,0,0,2040
739399,338,0,0,2040
729230,398,0,0,2040
736480,342,0,0,2040
251391,365,0,0,2040
966458,381,0,0,2040
919644,1477,0,0,2040
797362,287,287,0,2040
885936,936,0,0,2040
748049,445,0,0,2040
177409,896,0,0,2040
825443,207,0,0,2040
901959,172,252,0,2040
797405,501,0,0,2040
1096921,260,0,0,2040
17128,1111,0,0,2040
12455,1026,0,0,2040
835076,391,0,0,2040
727971,365,0,0,2040
872350,233,0,0,2040
710269,604,0,0,2040
1080130,344,0,0,2040
698929,285,0,0,2040
691526,302,0,0,2040
797507,313,0,0,2040
242233,632,632,0,2040
899795,420,0,0,2040
1242010,413,0,0,2040
917505,1458,16,0,2040
1022224,881,0,0,2040
768534,484,0,0,2040
152833,921,0,0,2040
239606,251,0,0,2040
58922,1283,0,0,2040
76894,1891,0,0,2040
903514,695,0,0,2040
127063,710,0,0,2040
159380,137,0,0,2040
1022222,471,0,0,2040
681313,606,0,0,2040
973951,517,0,0,2040
962018,529,0,0,2040
167553,434,0,0,2040
121972,1146,0,0,2040
159410,995,0,0,2040
833481,523,0,0,2040
839928,409,0,0,2040
840604,299,0,0,2040
1172550,76,0,0,2040
810726,875,0,0,2040
219203,296,0,0,2040
945181,280,0,0,2040
768564,206,0,0,2040
161877,485,0,0,2040
682539,533,0,0,2040
840696,333,0,0,2040
787780,245,0,0,2040
1121754,315,0,0,2040
1104886,340,0,0,2040
821641,1011,0,0,2040
223225,949,0,0,2040
105111,25,25,0,2040
715985,438,0,0,2040
759355,140,156,0,2040
822046,880,0,0,2040
920037,453,0,0,2040
795407,891,0,0,2040
45393,636,0,0,2040
754263,1036,0,0,2040
1199104,1497,0,0,2040
874763,442,0,0,2040
958176,785,0,0,2040
993427,585,0,0,2040
832671,753,0,0,2040
1098479,282,0,0,2040
139771,464,0,0,2040
783266,567,0,0,2040
835124,51,0,0,2040
49724,778,0,0,2040
833992,361,0,0,2040
1171872,231,0,0,2040
841340,725,0,0,2040
83535,245,0,0,2040
194877,412,0,0,2040
702149,330,0,0,2040
977776,1342,0,0,2040
933123,593,0,0,2040
756091,356,0,0,2040
873594,143,131,0,2040
797375,303,0,0,2040
75920,1049,0,0,2040
169095,372,0,0,2040
12576,542,0,0,2040
925276,507,0,0,2040
795619,129,129,0,2040
707971,291,0,0,2040
224393,342,0,0,2040
10483,638,0,0,2040
126947,551,0,0,2040
740452,438,0,0,2040
954623,646,0,0,2040
756182,302,0,0,2040
752499,648,0,0,2040
890990,439,0,0,2040
58598,522,0,0,2040
1098314,253,0,0,2040
973746,386,0,0,2040
750106,343,0,0,2040
225470,649,0,0,2040
918616,1022,0,0,2040
821508,303,0,0,2040
732029,372,0,0,2040
1162286,1043,0,0,2040
961384,383,0,0,2040
722034,1561,1180,0,2040
856546,478,0,0,2040
232637,433,0,0,2040
958066,688,688,0,2040
1197791,1122,0,0,2040
22430,1136,0,0,2040
800745,801,0,0,2040
1129117,482,0,0,2040
827296,658,0,0,2040
778699,528,0,0,2040
211173,263,0,0,2040
697296,423,0,0,2040
756052,948,0,0,2040
1005653,254,0,0,2040
1024305,400,0,0,2040
1266413,107,0,0,2040
10133,701,0,0,2040
180794,381,0,0,2040
1223567,59,59,0,2040
111696,1086,0,0,2040
987597,554,0,0,2040
958749,1029,0,0,2040
797237,159,0,0,2040
202857,594,0,0,2040
727985,963,0,0,2040
725564,314,314,0,2040
1156070,321,0,0,2040
797273,795,0,0,2040
834239,420,420,0,2040
932181,837,0,0,2040
1105111,382,0,0,2040
16827,542,164,0,2040
817165,244,0,0,2040
216667,557,0,0,2040
757260,287,0,0,2040
839403,657,0,0,2040
1035993,353,0,0,2040
173847,2951,0,0,2040
700780,302,0,0,2040
708837,473,0,0,2040
90085,92,0,0,2040
966479,430,0,0,2040
918156,887,0,0,2040
678800,562,0,0,2040
57931,867,0,0,2040
123568,2604,0,0,2040
31056,343,257,0,2040
736332,390,0,0,2040
697748,710,0,0,2040
234183,180,0,0,2040
890887,34,34,0,2040
840833,513,0,0,2040
851448,351,0,0,2040
766564,357,0,0,2040
731876,663,0,0,2040
963111,409,0,0,2040
688180,1110,0,0,2040
733459,31,101,0,2040
958677,593,0,0,2040
1247318,463,0,0,2040
683380,536,0,0,2040
1033417,976,0,0,2040
682181,635,0,0,2040
712794,521,0,0,2040
198909,2198,0,0,2040
873329,489,0,0,2040
104755,463,0,0,2040
795424,2084,0,0,2040
235489,79,0,0,2040
1267429,418,0,0,2040
253425,514,0,0,2040
248041,160,160,0,2040
918895,621,0,0,2040
1037178,278,0,0,2040
1017520,588,0,0,2040
717333,18,40,0,2040
167503,465,0,0,2040
840963,561,0,0,2040
821557,265,0,0,2040
157843,2195,2195,0,2040
992804,753,0,0,2040
10726,341,0,0,2040
950466,336,0,0,2040
25757,2029,935,0,2040
779226,353,0,0,2040
850906,467,0,0,2040
944774,348,0,0,2040
821558,464,0,0,2040
1266344,357,0,0,2040
775065,239,0,0,2040
76874,5,5,0,2040
855589,473,0,0,2040
87152,623,0,0,2040
88909,101,101,0,2040
1184569,221,0,0,2040
768152,465,0,0,2040
708349,533,0,0,2040
766330,430,0,0,2040
1241253,198,0,0,2040
706952,1275,0,0,2040
957748,521,0,0,2040
159724,910,0,0,2040
732373,285,0,0,2040
820980,896,0,0,2040
816158,237,0,0,2040
1162403,55,55,0,2040
728123,821,821,0,2040
159404,301,0,0,2040
931502,193,98,0,2040
218328,88,88,0,2040
874744,149,149,0,2040
16813,1302,0,0,2040
947065,140,0,0,2040
36088,36,0,0,2040
703060,1341,0,0,2040
1246229,404,0,0,2040
931553,460,0,0,2040
156605,690,0,0,2040
732541,1562,0,0,2040
756511,288,0,0,2040
714089,348,0,0,2040
862495,602,0,0,2040
1212609,471,0,0,2040
838756,481,0,0,2040
1192777,58,58,0,2040
797320,1063,39,0,2040
972471,337,0,0,2040
797466,834,0,0,2040
90812,310,0,0,2040
890759,482,0,0,2040
768664,860,0,0,2040
1236239,604,0,0,2040
748561,2308,0,0,2040
17282,690,0,0,2040
1134296,1004,0,0,2040
717366,525,0,0,2040
170469,413,0,0,2040
20436,16,16,0,2040
786450,429,429,0,2040
1058936,2116,0,0,2040
944482,214,0,0,2040
889166,774,0,0,2040
152621,455,0,0,2040
134321,1510,0,0,2040
107814,459,0,0,2040
61206,881,0,0,2040
1020551,455,0,0,2040
731953,2076,0,0,2040
864250,335,0,0,2040
154534,426,0,0,2040
1100919,1115,1115,0,2040
66496,900,0,0,2040
943935,350,0,0,2040
959079,3586,3586,0,2040
891009,1631,0,0,2040
902835,644,0,0,2040
860479,146,0,0,2040
824934,563,0,0,2040
696121,601,0,0,2040
1189547,86,0,0,2040
1004245,413,0,0,2040
211685,527,0,0,2040
1057052,1082,0,0,2040
889880,794,0,0,2040
884063,356,0,0,2040
1133262,880,0,0,2040
742491,496,0,0,2040
123081,587,0,0,2040
683653,513,0,0,2040
1254080,206,0,0,2040
1176414,732,0,0,2040
1189127,344,0,0,2040
1043065,368,0,0,2040
874768,328,0,0,2040
866761,206,0,0,2040
795729,528,0,0,2040
912743,1232,0,0,2040
1247706,461,0,0,2040
118517,882,0,0,2040
943968,1285,1285,0,2040
172580,430,0,0,2040
1015449,645,0,0,2040
873970,372,0,0,2040
1177785,322,0,0,2040
1093203,757,0,0,2040
238194,92,92,0,2040
975172,1652,0,0,2040
1056939,469,0,0,2040
731568,204,0,0,2040
10368,434,0,0,2040
1027740,259,0,0,2040
987815,288,0,0,2040
87644,330,0,0,2040
132806,899,1376,0,2040
890978,407,0,0,2040
117196,527,0,0,2040
1042613,580,0,0,2040
1232796,386,0,0,2040
850567,577,577,0,2040
739623,883,0,0,2040
71675,189,189,0,2040
735408,1689,0,0,2040
674511,764,0,0,2040
1207502,149,149,0,2040
775685,913,0,0,2040
799840,188,0,0,2040
129985,709,0,0,2040
152620,329,0,0,2040
1222606,3268,3268,0,2040
1131111,359,0,0,2040
847774,697,0,0,2040
942708,411,0,0,2040
700685,659,0,0,2040
176464,1123,0,0,2040
697002,165,165,0,2040
966454,619,0,0,2040
1187923,322,0,0,2040
956921,419,0,0,2040
1030548,289,0,0,2040
81245,971,0,0,2040
1226855,977,0,0,2040
1126390,137,0,0,2040
717396,0,1107,0,2040
22422,0,777,0,2040
183209,0,3316,0,2040
903672,0,558,0,2040
1219090,0,881,0,2040
701214,0,2025,0,2040
840327,0,1451,0,2040
886164,0,846,0,2040
198874,0,1769,0,2040
797352,0,1085,0,2040
674256,0,1693,0,2040
833248,0,960,0,2040
813866,0,2275,0,2040
235091,0,1916,0,2040
1032888,0,108,0,2040
146433,0,736,0,2040
739765,0,1516,0,2040
829697,0,344,0,2040
455549,0,137,0,2040
526595,0,612,0,2040
1323,0,1375,0,2040
1605,0,1036,0,2040
570079,0,1251,0,2040
671228,0,448,0,2040
425270,0,1851,0,2040
1773,0,643,0,2040
660606,0,2166,0,2040
658936,0,1519,0,2040
376760,0,802,0,2040
635096,0,544,0,2040
1965,0,32,0,2040
492761,0,108,0,2040
303199,0,1818,0,2040
340181,0,2499,0,2040
513540,0,1457,0,2040
547559,0,549,0,2040
451498,0,588,0,2040
1778,0,1148,0,2040
344463,0,270,0,2040
1877,0,165,0,2040
462283,0,1582,0,2040
494920,0,67,0,2040
455013,0,513,0,2040
461952,0,961,0,2040
325106,0,2694,0,2040
578033,0,171,0,2040
663070,0,75,4786,2040
265281,0,1185,0,2040
440301,0,1431,0,2040
487033,0,557,0,2040
594605,0,2652,0,2040
1859,0,700,0,2040
276254,0,981,0,2040
660743,0,1582,0,2040
668658,0,1655,0,2040
431188,0,1410,0,2040
534899,0,1343,0,2040
476651,0,2096,0,2040
3261,0,2213,0,2040
566395,0,1849,0,2040
816104,0,1003,0,2040
1187092,0,535,0,2040
959089,0,1000,0,2040
832638,0,2499,0,2040
26956,0,165,0,2040
11022,0,1940,0,2040
975166,0,2511,0,2040
706634,0,1142,0,2040
88954,0,504,0,2040
1155579,0,2,0,2040
126970,0,2338,0,2040
868486,0,1360,0,2040
700777,0,1852,0,2040
159421,0,120,0,2040
911258,0,1062,0,2040
913705,0,583,0,2040
57311,0,285,0,2040
697450,0,2068,0,2040
884145,0,799,0,2040
756059,0,2314,0,2040
726178,0,1632,0,2040
91565,0,2284,0,2040
913317,0,58,0,2040
47057,0,1675,0,2040
108055,0,900,0,2040
812871,0,1530,0,2040
697848,0,2583,0,2040
957529,0,1807,0,2040
152781,0,2184,0,2040
872914,0,1153,0,2040
720656,0,157,0,2040
795268,0,1128,0,2040
160941,0,2080,0,2040
889211,0,278,0,2040
721669,0,1830,0,2040
700806,0,1829,0,2040
913979,0,1631,0,2040
959316,0,1262,0,2040
824345,0,1538,0,2040
840142,0,5,0,2040
1171546,0,2023,0,2040
887616,0,24,0,2040
143622,0,1094,0,2040
974297,0,1345,0,2040
680437,0,548,0,2040
70736,0,1567,0,2040
173870,0,1900,0,2040
229203,0,2116,0,2040
102241,0,251,0,2040
921246,0,1477,0,2040
1225508,0,1379,0,2040
768159,0,972,0,2040
1104871,0,2065,0,2040
1037794,0,439,0,2040
796750,0,2080,0,2040
1055208,0,8,0,2040
111727,0,307,0,2040
966322,0,574,0,2040
803353,0,1389,0,2040
815046,0,730,0,2040
721521,0,1043,0,2040
256304,0,3019,0,2040
1078442,0,0,6391,2040
740439,0,0,11403,2040
768992,0,0,6000,2040
1110053,0,0,1722,2040
716569,0,0,386,2040
718311,0,0,1051,2040
305217,0,0,140,2040
653,0,0,830,2040
427609,0,0,9345,2040
537641,0,0,4214,2040
432441,0,0,6918,2040
591990,0,0,4772,2040
486971,0,0,5820,2040
495757,0,0,3779,2040
476204,0,0,3673,2040
472424,0,0,3180,2040
377717,0,0,8196,2040
864614,0,0,1562,2040
852160,0,0,361,2040
813605,0,0,96,2040
903885,0,0,4758,2040
803940,0,0,172,2040
1133328,0,0,4366,2040
104918,0,0,9770,2040
1089776,0,0,6206,2040
795018,0,0,10289,2040
220196,0,0,11690,2040
829190,0,0,9454,2040
1136670,0,0,733,2040
932775,0,0,5003,2040
1230975,0,0,4010,2040
797163,0,0,55259,2040
915582,0,0,860,2040
795274,0,0,8375,2040
708822,0,0,6450,2040
716797,0,0,997,2040
1258256,0,0,1323,2040
123168,0,0,362,2040
888863,0,0,538,2040
829204,0,0,178,2040
33478,420,0,0,2014
179730,175,0,0,2014
69090,486,0,0,2014
707307,60,713,0,2014
1171545,237,0,0,2014
1020640,65,65,0,2014
1226823,294,0,0,2014
769015,566,0,0,2014
843622,185,0,0,2014
90671,215,0,0,2014
840019,409,119,0,2014
937380,431,0,0,2014
238902,307,0,0,2014
202800,245,0,0,2014
911295,155,0,0,2014
889654,374,0,0,2014
760789,893,893,0,2014
903507,128,0,0,2014
796669,1217,0,0,2014
91339,7,0,0,2014
1254386,858,0,0,2014
964294,615,0,0,2014
158062,1268,0,0,2014
102105,163,0,0,2014
923448,708,0,0,2014
835758,131,0,0,2014
728199,1673,0,0,2014
74387,424,0,0,2014
1041306,33,12,0,2014
943165,424,0,0,2014
1176343,450,450,0,2014
729441,538,0,0,2014
889550,1067,0,0,2014
839037,583,0,0,2014
673334,683,0,0,2014
966745,762,0,0,2014
814955,824,0,0,2014
833058,62,0,0,2014
815047,58,58,0,2014
840329,813,0,0,2014
1151377,758,0,0,2014
53963,597,0,0,2014
126801,752,0,0,2014
183208,1093,0,0,2014
1186836,412,0,0,2014
931321,362,0,0,2014
1182467,350,0,0,2014
918149,423,0,0,2014
886182,452,0,0,2014
911806,512,0,0,2014
181183,570,0,0,2014
693302,476,0,0,2014
957933,1200,0,0,2014
224886,197,525,0,2014
873615,159,0,0,2014
220147,275,0,0,2014
40717,640,0,0,2014
889986,502,0,0,2014
714624,415,0,0,2014
127227,161,161,0,2014
1193011,219,0,0,2014
850817,512,0,0,2014
746002,432,0,0,2014
975566,1030,0,0,2014
874054,1000,0,0,2014
740502,1008,0,0,2014
108769,88,0,0,2014
226415,622,0,0,2014
112563,22,0,0,2014
973488,342,0,0,2014
235245,600,0,0,2014
1089125,204,0,0,2014
787482,648,0,0,2014
708904,619,0,0,2014
781745,408,0,0,2014
245783,174,0,0,2014
191034,722,0,0,2014
923763,293,0,0,2014
966633,796,0,0,2014
702603,332,0,0,2014
1239380,221,0,0,2014
815764,378,0,0,2014
252171,978,0,0,2014
132736,446,0,0,2014
60497,650,0,0,2014
741642,441,0,0,2014
1062368,523,0,0,2014
1090825,261,0,0,2014
78493,1368,1368,0,2014
682977,1056,0,0,2014
740520,574,0,0,2014
965882,480,0,0,2014
1110207,172,0,0,2014
135629,772,0,0,2014
862586,865,0,0,2014
777882,142,0,0,2014
930571,623,0,0,2014
1273695,52,0,0,2014
219496,740,36,0,2014
682167,322,0,0,2014
189434,620,0,0,2014
839187,495,0,0,2014
885317,441,0,0,2014
861525,1,0,0,2014
861967,557,0,0,2014
52978,421,0,0,2014
884111,487,0,0,2014
143349,762,0,0,2014
701586,752,0,0,2014
1055735,278,0,0,2014
878103,397,397,0,2014
726190,696,0,0,2014
922041,327,0,0,2014
901601,480,0,0,2014
136770,902,0,0,2014
856582,125,0,0,2014
991707,440,0,0,2014
748017,268,0,0,2014
109873,1149,0,0,2014
247669,434,0,0,2014
25559,661,0,0,2014
890777,107,0,0,2014
1149303,517,0,0,2014
1129450,430,0,0,2014
973169,652,0,0,2014
1059560,24,24,0,2014
82708,731,0,0,2014
93548,254,0,0,2014
139155,416,0,0,2014
240694,406,0,0,2014
812858,481,0,0,2014
732120,388,0,0,2014
948012,506,0,0,2014
841216,777,0,0,2014
1217362,693,0,0,2014
1184056,1388,0,0,2014
250914,358,0,0,2014
902674,410,0,0,2014
890982,580,0,0,2014
846653,324,0,0,2014
975168,499,0,0,2014
749262,921,0,0,2014
1115994,294,0,0,2014
823305,391,0,0,2014
840692,215,0,0,2014
736031,559,3,0,2014
147365,421,0,0,2014
195222,697,0,0,2014
784662,545,0,0,2014
997008,700,0,0,2014
701577,2030,0,0,2014
215364,253,0,0,2014
974305,391,0,0,2014
889223,319,0,0,2014
130919,1412,224,0,2014
787830,460,0,0,2014
928468,117,117,0,2014
768570,610,0,0,2014
1193205,695,0,0,2014
201380,964,0,0,2014
799224,214,214,0,2014
1115729,130,0,0,2014
837004,694,0,0,2014
829710,99,0,0,2014
841196,274,0,0,2014
959080,62,0,0,2014
105107,529,0,0,2014
239135,418,0,0,2014
146630,816,0,0,2014
697399,584,0,0,2014
787789,1020,0,0,2014
1200505,303,0,0,2014
852667,95,0,0,2014
1048224,325,0,0,2014
1180433,308,0,0,2014
741177,894,0,0,2014
786869,822,987,0,2014
258918,502,0,0,2014
797351,915,0,0,2014
917773,597,0,0,2014
719374,392,0,0,2014
108759,426,0,0,2014
958242,306,0,0,2014
204405,583,0,0,2014
734086,295,0,0,2014
1043733,284,0,0,2014
216545,169,0,0,2014
1133298,2,0,0,2014
237262,496,0,0,2014
850551,113,0,0,2014
889529,290,0,0,2014
958750,674,1286,0,2014
201745,713,0,0,2014
904236,959,959,0,2014
1097885,320,0,0,2014
957927,723,0,0,2014
472521,783,0,0,2014
527985,1310,0,0,2014
372473,610,0,0,2014
390354,602,0,0,2014
547838,231,0,0,2014
607265,127,0,0,2014
658909,551,0,0,2014
324902,330,0,0,2014
395158,95,0,0,2014
401236,247,0,0,2014
465606,297,0,0,2014
528123,26,0,0,2014
560753,638,0,0,2014
645199,433,0,0,2014
290667,1045,0,0,2014
354755,519,0,0,2014
624546,518,0,0,2014
1580,573,0,0,2014
3286,316,0,0,2014
298348,483,0,0,2014
472261,959,0,0,2014
495073,496,0,0,2014
554872,652,0,0,2014
573070,851,0,0,2014
2216,256,0,0,2014
430203,167,0,0,2014
457446,274,0,0,2014
476370,243,0,0,2014
481338,670,0,0,2014
1959,160,0,0,2014
352992,659,0,0,2014
469895,347,0,0,2014
275361,21,0,0,2014
341317,230,230,0,2014
376994,234,0,0,2014
400466,642,0,0,2014
529729,409,0,0,2014
547563,187,0,0,2014
607374,315,0,0,2014
616565,607,1366,0,2014
419914,388,0,0,2014
458918,456,0,0,2014
462702,487,0,0,2014
1385,1362,0,0,2014
280971,313,0,0,2014
336750,514,0,0,2014
487966,185,0,0,2014
547590,384,0,0,2014
616554,356,0,0,2014
829,84,0,0,2014
410361,594,0,0,2014
314052,334,334,0,2014
331507,16,16,0,2014
400525,552,1674,0,2014
457616,582,0,0,2014
302353,70,0,0,2014
401857,375,0,0,2014
519225,1405,0,0,2014
528680,714,0,0,2014
595150,2070,0,0,2014
671350,221,0,0,2014
3158,385,385,0,2014
294134,690,0,0,2014
564686,350,0,0,2014
636919,436,0,0,2014
664140,206,0,0,2014
347844,348,0,0,2014
472436,216,0,0,2014
615963,719,0,0,2014
651501,439,0,0,2014
2280,787,0,0,2014
286097,523,0,0,2014
365492,319,0,0,2014
393146,520,0,0,2014
493735,339,0,0,2014
549019,221,0,0,2014
572512,1197,695,0,2014
666224,10,10,0,2014
470644,1222,0,0,2014
508533,242,0,0,2014
602156,647,0,0,2014
286374,460,0,0,2014
390158,664,0,0,2014
493066,457,0,0,2014
535479,1063,0,0,2014
593597,375,0,0,2014
668791,562,0,0,2014
1430,401,0,0,2014
286342,75,0,0,2014
535065,358,358,0,2014
585280,527,0,0,2014
463686,56,0,0,2014
497511,874,874,0,2014
563657,676,0,0,2014
269532,818,0,0,2014
280383,101,101,122,2014
321803,936,0,0,2014
406716,681,0,0,2014
482849,267,0,0,2014
615611,516,0,0,2014
311392,197,0,0,2014
350275,646,0,0,2014
430105,397,0,0,2014
278473,614,0,0,2014
386211,360,0,0,2014
455593,12,12,0,2014
616229,288,0,0,2014
2065,215,0,0,2014
263888,372,0,0,2014
408926,425,0,0,2014
462237,271,0,0,2014
307672,75,0,0,2014
430362,544,0,0,2014
488799,523,0,0,2014
516225,1,0,0,2014
595655,715,0,0,2014
468987,432,0,0,2014
507420,390,0,0,2014
661248,286,0,0,2014
665819,219,0,0,2014
305571,60,0,0,2014
432775,674,0,0,2014
579279,354,0,0,2014
595194,373,0,0,2014
264762,535,0,0,2014
406689,325,0,0,2014
473254,1024,0,0,2014
474008,633,0,0,2014
493353,74,0,0,2014
511830,368,0,0,2014
672506,398,0,0,2014
293616,1252,0,0,2014
474094,392,0,0,2014
566570,267,0,0,2014
3255,366,0,0,2014
432340,329,0,0,2014
470517,261,0,0,2014
472023,314,314,0,2014
480271,114,0,0,2014
796,382,0,0,2014
446655,671,0,0,2014
566146,380,0,0,2014
573100,442,0,0,2014
587146,737,0,0,2014
277226,975,59,0,2014
326004,457,0,0,2014
636549,559,0,0,2014
637376,296,0,0,2014
1405,561,0,0,2014
1549,15,0,0,2014
2276,566,0,0,2014
383193,74,0,0,2014
408930,343,0,0,2014
411052,312,0,0,2014
431724,535,0,0,2014
671187,346,0,0,2014
431876,663,0,0,2014
521324,383,0,0,2014
537063,492,0,0,2014
545295,599,0,0,2014
559011,1022,1612,0,2014
430376,955,955,0,2014
460694,463,0,0,2014
470877,260,0,0,2014
582901,1097,0,0,2014
607025,315,0,0,2014
1370,346,0,0,2014
300703,666,0,0,2014
320253,28,0,0,2014
360294,400,0,0,2014
407161,728,0,0,2014
432789,730,0,0,2014
464936,488,0,0,2014
669146,711,2023,0,2014
827,485,0,0,2014
347988,790,0,0,2014
461690,728,0,0,2014
472728,707,0,0,2014
618652,524,0,0,2014
622021,398,0,0,2014
296914,207,1609,0,2014
328626,625,0,0,2014
400762,23,23,0,2014
436069,388,0,0,2014
635140,448,0,0,2014
643689,770,0,0,2014
652343,887,0,0,2014
630,312,0,0,2014
309290,431,0,0,2014
318513,394,0,0,2014
334108,703,0,0,2014
345100,133,0,0,2014
461989,291,0,0,2014
196,375,0,2480,2014
1253,411,0,0,2014
284508,324,0,0,2014
562560,430,0,0,2014
2090,415,0,0,2014
528331,371,0,0,2014
534936,1288,0,0,2014
588778,26,0,0,2014
1592,392,0,0,2014
291090,510,1093,0,2014
299217,105,0,0,2014
462262,409,0,0,2014
509041,519,0,0,2014
548217,323,0,0,2014
1404,429,0,0,2014
346267,41,0,0,2014
476226,791,791,0,2014
572264,955,0,0,2014
867,313,313,0,2014
381156,259,0,0,2014
471159,577,0,0,2014
509560,449,0,0,2014
3160,171,0,0,2014
1956,364,453,0,2014
1043446,141,0,0,2014
447462,676,0,0,2014
461965,255,0,0,2014
502436,327,0,0,2014
529627,210,210,0,2014
563667,151,0,0,2014
635139,339,0,0,2014
652964,440,601,0,2014
657696,140,0,0,2014
422532,443,0,0,2014
478392,610,0,0,2014
481300,258,0,0,2014
526011,481,0,0,2014
427648,306,0,0,2014
472637,97,0,0,2014
515618,268,0,0,2014
572777,548,0,0,2014
586517,1000,0,0,2014
625793,472,0,0,2014
1779,1246,1246,0,2014
345782,513,0,0,2014
590529,625,0,0,2014
594639,627,0,0,2014
668835,499,0,0,2014
266120,611,0,0,2014
276389,618,0,0,2014
317206,658,0,0,2014
412265,741,0,0,2014
531429,52,0,0,2014
626317,453,0,0,2014
628772,493,0,0,2014
666250,351,906,0,2014
364373,563,0,0,2014
570477,478,0,0,2014
276560,141,0,0,2014
408962,275,0,0,2014
522367,276,0,0,2014
302420,556,0,0,2014
370549,623,0,0,2014
470318,459,0,0,2014
488874,157,0,0,2014
568525,1500,1500,0,2014
652008,497,0,0,2014
661421,37,0,0,2014
353346,548,0,0,2014
526576,732,0,0,2014
1434,348,0,0,2014
1604,702,0,0,2014
381170,532,0,0,2014
382934,541,0,0,2014
432008,702,1565,0,2014
524658,445,0,0,2014
637069,614,0,0,2014
2374,131,0,0,2014
283092,57,0,0,2014
314331,569,0,0,2014
478931,364,0,0,2014
584582,520,0,0,2014
2396,340,0,0,2014
342593,63,0,0,2014
297407,436,0,0,2014
343673,1102,0,0,2014
429801,293,0,0,2014
518058,389,0,0,2014
615964,993,0,0,2014
1818,163,0,0,2014
1860,494,0,0,2014
2245,227,0,0,2014
497476,359,0,0,2014
594608,652,0,0,2014
652411,496,0,0,2014
1538,379,0,0,2014
344741,616,0,0,2014
412269,971,0,0,2014
431085,462,0,0,2014
514766,97,0,0,2014
1310,601,601,0,2014
367722,110,110,0,2014
370035,487,0,0,2014
2088,35,35,0,2014
295900,373,0,0,2014
594640,829,0,0,2014
626797,715,0,0,2014
296520,249,0,0,2014
459776,563,0,0,2014
470537,338,0,0,2014
531711,411,0,0,2014
535360,663,0,0,2014
864616,191,0,0,2014
682762,450,0,0,2014
546788,400,0,0,2014
964147,1925,1644,0,2014
679853,1072,0,0,2014
546787,649,0,0,2014
546786,446,0,0,2014
816184,87,1239,0,2014
778139,341,0,0,2014
1072150,571,0,0,2014
864669,838,0,0,2014
769316,474,0,0,2014
115670,783,0,0,2014
216666,474,0,0,2014
849833,651,0,0,2014
1255320,505,0,0,2014
804272,421,0,0,2014
884064,432,0,0,2014
1273546,62,0,0,2014
952382,285,0,0,2014
236706,2414,0,0,2014
71767,846,0,0,2014
803960,82,77,0,2014
58889,415,0,0,2014
50258,535,0,0,2014
844525,514,0,0,2014
258556,442,103,0,2014
207684,381,0,0,2014
738799,1079,0,0,2014
777555,132,0,0,2014
734085,100,1145,0,2014
49720,467,843,0,2014
800886,540,0,0,2014
199592,555,0,0,2014
142103,478,0,0,2014
221126,805,0,0,2014
958086,499,0,0,2014
71906,445,0,0,2014
720654,658,0,0,2014
728410,361,0,0,2014
966550,289,0,0,2014
258402,466,0,0,2014
224324,574,0,0,2014
175819,60,0,0,2014
54480,477,477,0,2014
676370,471,0,0,2014
1122459,220,0,0,2014
229148,394,0,0,2014
846417,71,0,0,2014
741664,66,179,0,2014
910740,412,0,0,2014
51254,106,106,0,2014
917659,1356,0,0,2014
734091,528,0,0,2014
694972,42,0,0,2014
1127354,723,0,0,2014
1207503,341,0,0,2014
1230383,467,0,0,2014
1084566,725,0,0,2014
244343,328,0,0,2014
946028,820,0,0,2014
1252258,572,0,0,2014
911253,256,0,0,2014
902021,390,0,0,2014
1172171,540,0,0,2014
749492,788,0,0,2014
236477,410,0,0,2014
53490,227,0,0,2014
741637,108,0,0,2014
234407,361,0,0,2014
1179491,290,0,0,2014
943409,1163,0,0,2014
253429,1021,0,0,2014
908980,652,0,0,2014
834206,242,0,0,2014
707281,1028,0,0,2014
739399,327,0,0,2014
729230,323,0,0,2014
736480,197,0,0,2014
251391,598,0,0,2014
966458,369,0,0,2014
919644,746,0,0,2014
797362,262,262,0,2014
885936,925,0,0,2014
748049,360,0,0,2014
177409,800,0,0,2014
825443,237,0,0,2014
901959,188,206,0,2014
797405,457,0,0,2014
1096921,298,0,0,2014
17128,847,0,0,2014
12455,776,0,0,2014
835076,371,0,0,2014
727971,211,0,0,2014
872350,269,0,0,2014
710269,298,0,0,2014
1080130,288,0,0,2014
698929,269,0,0,2014
691526,714,0,0,2014
797507,331,0,0,2014
242233,570,570,0,2014
899795,211,0,0,2014
1242010,169,0,0,2014
917505,1325,15,0,2014
1022224,798,0,0,2014
768534,461,0,0,2014
152833,834,0,0,2014
239606,507,0,0,2014
58922,1033,0,0,2014
76894,1582,0,0,2014
903514,726,0,0,2014
127063,442,0,0,2014
159380,144,0,0,2014
1022222,422,0,0,2014
681313,512,0,0,2014
973951,526,0,0,2014
962018,466,0,0,2014
167553,343,0,0,2014
121972,495,0,0,2014
159410,804,0,0,2014
833481,583,0,0,2014
839928,378,0,0,2014
840604,270,0,0,2014
1172550,84,0,0,2014
810726,871,0,0,2014
219203,279,0,0,2014
945181,438,0,0,2014
768564,192,0,0,2014
161877,374,0,0,2014
682539,459,0,0,2014
840696,649,0,0,2014
787780,275,0,0,2014
1121754,333,0,0,2014
1104886,357,0,0,2014
821641,874,0,0,2014
223225,792,0,0,2014
105111,23,23,0,2014
715985,427,0,0,2014
759355,140,152,0,2014
822046,823,0,0,2014
920037,435,0,0,2014
795407,802,0,0,2014
45393,474,0,0,2014
754263,1082,0,0,2014
1199104,1564,0,0,2014
874763,364,0,0,2014
958176,574,0,0,2014
993427,530,0,0,2014
832671,737,0,0,2014
1098479,271,0,0,2014
139771,388,0,0,2014
783266,545,0,0,2014
835124,55,0,0,2014
49724,597,0,0,2014
833992,305,0,0,2014
1171872,95,0,0,2014
841340,657,0,0,2014
83535,266,0,0,2014
194877,297,0,0,2014
702149,165,0,0,2014
977776,1206,0,0,2014
933123,588,0,0,2014
756091,323,0,0,2014
873594,116,135,0,2014
797375,295,0,0,2014
75920,858,0,0,2014
169095,811,0,0,2014
12576,413,0,0,2014
925276,484,0,0,2014
795619,116,116,0,2014
707971,272,0,0,2014
224393,337,0,0,2014
10483,579,0,0,2014
126947,493,0,0,2014
740452,381,0,0,2014
954623,630,0,0,2014
756182,302,0,0,2014
752499,588,0,0,2014
890990,457,0,0,2014
58598,188,0,0,2014
1098314,106,0,0,2014
973746,224,0,0,2014
750106,299,0,0,2014
225470,569,0,0,2014
918616,899,0,0,2014
821508,298,0,0,2014
732029,341,0,0,2014
1162286,1002,0,0,2014
961384,405,0,0,2014
722034,1561,1187,0,2014
856546,493,0,0,2014
232637,342,0,0,2014
958066,620,620,0,2014
1197791,1054,0,0,2014
22430,898,0,0,2014
800745,726,0,0,2014
1129117,445,0,0,2014
827296,666,0,0,2014
778699,528,0,0,2014
211173,225,0,0,2014
697296,386,0,0,2014
756052,870,0,0,2014
1005653,229,0,0,2014
1024305,362,0,0,2014
1266413,99,0,0,2014
10133,538,0,0,2014
180794,315,0,0,2014
1223567,53,53,0,2014
111696,537,0,0,2014
987597,515,0,0,2014
958749,1040,0,0,2014
797237,144,0,0,2014
202857,295,0,0,2014
727985,365,0,0,2014
725564,283,283,0,2014
1156070,294,0,0,2014
797273,720,0,0,2014
834239,394,394,0,2014
932181,759,0,0,2014
1105111,391,0,0,2014
16827,492,148,0,2014
817165,523,0,0,2014
216667,181,0,0,2014
757260,284,0,0,2014
839403,617,0,0,2014
1035993,324,0,0,2014
173847,1806,0,0,2014
700780,309,0,0,2014
708837,440,0,0,2014
90085,41,0,0,2014
966479,236,0,0,2014
918156,329,0,0,2014
678800,527,0,0,2014
57931,694,0,0,2014
123568,1048,0,0,2014
31056,255,208,0,2014
736332,377,0,0,2014
697748,643,0,0,2014
234183,196,0,0,2014
890887,55,55,0,2014
840833,574,0,0,2014
851448,362,0,0,2014
766564,355,0,0,2014
731876,414,0,0,2014
963111,460,0,0,2014
688180,1065,0,0,2014
733459,15,82,0,2014
958677,574,0,0,2014
1247318,512,0,0,2014
683380,318,0,0,2014
1033417,1065,0,0,2014
682181,602,0,0,2014
712794,474,0,0,2014
198909,761,0,0,2014
873329,482,0,0,2014
104755,353,0,0,2014
795424,763,0,0,2014
235489,55,0,0,2014
1267429,386,0,0,2014
253425,422,0,0,2014
248041,130,130,0,2014
918895,517,0,0,2014
1037178,269,0,0,2014
1017520,593,0,0,2014
717333,10,26,0,2014
167503,388,0,0,2014
840963,334,0,0,2014
821557,243,0,0,2014
157843,995,995,0,2014
992804,664,0,0,2014
10726,258,0,0,2014
950466,315,0,0,2014
25757,1397,722,0,2014
779226,651,0,0,2014
850906,494,0,0,2014
944774,361,0,0,2014
821558,426,0,0,2014
1266344,356,0,0,2014
775065,461,0,0,2014
76874,5,5,0,2014
855589,457,0,0,2014
87152,565,0,0,2014
88909,91,91,0,2014
1184569,514,0,0,2014
768152,490,0,0,2014
708349,547,0,0,2014
766330,450,0,0,2014
1241253,182,0,0,2014
706952,1183,0,0,2014
957748,509,0,0,2014
159724,734,0,0,2014
732373,276,0,0,2014
820980,528,0,0,2014
816158,241,0,0,2014
1162403,28,28,0,2014
728123,722,722,0,2014
159404,154,0,0,2014
931502,104,42,0,2014
218328,82,82,0,2014
874744,134,134,0,2014
16813,1086,0,0,2014
947065,127,0,0,2014
36088,51,0,0,2014
703060,1390,0,0,2014
1246229,415,0,0,2014
931553,405,0,0,2014
156605,636,0,0,2014
732541,1415,0,0,2014
756511,185,0,0,2014
714089,361,0,0,2014
862495,615,0,0,2014
1212609,457,0,0,2014
838756,408,0,0,2014
1192777,27,27,0,2014
797320,998,35,0,2014
972471,620,0,0,2014
797466,783,0,0,2014
90812,615,0,0,2014
890759,424,0,0,2014
768664,779,0,0,2014
1236239,268,0,0,2014
748561,2092,0,0,2014
17282,625,0,0,2014
1134296,992,0,0,2014
717366,445,0,0,2014
170469,833,0,0,2014
20436,15,15,0,2014
786450,387,387,0,2014
1058936,1917,0,0,2014
944482,506,0,0,2014
889166,760,0,0,2014
152621,420,0,0,2014
134321,1361,0,0,2014
107814,438,0,0,2014
61206,696,0,0,2014
1020551,472,0,0,2014
731953,1901,0,0,2014
864250,311,0,0,2014
154534,850,0,0,2014
1100919,972,972,0,2014
66496,737,0,0,2014
943935,169,0,0,2014
959079,3517,3517,0,2014
891009,1614,0,0,2014
902835,602,0,0,2014
860479,53,0,0,2014
824934,450,0,0,2014
696121,545,0,0,2014
1189547,79,0,0,2014
1004245,485,0,0,2014
211685,417,0,0,2014
1057052,434,0,0,2014
889880,761,0,0,2014
884063,323,0,0,2014
1133262,828,0,0,2014
742491,283,0,0,2014
123081,518,0,0,2014
683653,465,0,0,2014
1254080,180,0,0,2014
1176414,492,0,0,2014
1189127,380,0,0,2014
1043065,322,0,0,2014
874768,344,0,0,2014
866761,96,0,0,2014
795729,457,0,0,2014
912743,1158,0,0,2014
1247706,461,0,0,2014
118517,508,0,0,2014
943968,640,640,0,2014
172580,383,0,0,2014
1015449,627,0,0,2014
873970,407,0,0,2014
1177785,342,0,0,2014
1093203,686,0,0,2014
238194,81,81,0,2014
975172,1567,0,0,2014
1056939,444,0,0,2014
731568,213,0,0,2014
10368,393,0,0,2014
1027740,529,0,0,2014
987815,303,0,0,2014
87644,260,0,0,2014
132806,853,1324,0,2014
890978,424,0,0,2014
117196,531,0,0,2014
1042613,565,0,0,2014
1232796,417,0,0,2014
850567,367,367,0,2014
739623,767,0,0,2014
71675,170,170,0,2014
735408,1531,0,0,2014
674511,463,0,0,2014
1207502,134,134,0,2014
775685,828,0,0,2014
799840,181,0,0,2014
129985,531,0,0,2014
152620,287,0,0,2014
1222606,1120,1120,0,2014
1131111,307,0,0,2014
847774,273,0,0,2014
942708,369,0,0,2014
700685,584,0,0,2014
176464,953,0,0,2014
697002,149,149,0,2014
966454,634,0,0,2014
1187923,356,0,0,2014
956921,400,0,0,2014
1030548,305,0,0,2014
81245,783,0,0,2014
1226855,885,0,0,2014
1126390,73,0,0,2014
717396,0,883,0,2014
22422,0,1873,0,2014
183209,0,2968,0,2014
903672,0,639,0,2014
1219090,0,860,0,2014
701214,0,1900,0,2014
840327,0,1494,0,2014
886164,0,1800,0,2014
198874,0,1449,0,2014
797352,0,1115,0,2014
674256,0,1534,0,2014
833248,0,880,0,2014
813866,0,2062,0,2014
235091,0,1635,0,2014
1032888,0,107,0,2014
146433,0,749,0,2014
739765,0,1381,0,2014
829697,0,310,0,2014
455549,0,136,0,2014
526595,0,641,0,2014
1323,0,1372,0,2014
1605,0,1011,0,2014
570079,0,1180,0,2014
671228,0,390,0,2014
425270,0,1445,0,2014
1773,0,596,0,2014
660606,0,1828,0,2014
658936,0,1377,0,2014
376760,0,763,0,2014
635096,0,533,0,2014
1965,0,44,0,2014
492761,0,129,0,2014
303199,0,1590,0,2014
340181,0,2264,0,2014
513540,0,1438,0,2014
547559,0,502,0,2014
451498,0,513,0,2014
1778,0,1070,0,2014
344463,0,243,0,2014
1877,0,154,0,2014
462283,0,1319,0,2014
494920,0,61,0,2014
455013,0,1005,0,2014
461952,0,783,0,2014
325106,0,1895,0,2014
578033,0,154,0,2014
663070,0,68,4786,2014
265281,0,1101,0,2014
440301,0,1145,0,2014
487033,0,412,0,2014
594605,0,2618,0,2014
1859,0,1509,0,2014
276254,0,925,0,2014
660743,0,1625,0,2014
668658,0,1725,0,2014
431188,0,1459,0,2014
534899,0,1383,0,2014
476651,0,1900,0,2014
3261,0,2005,0,2014
566395,0,1260,0,2014
816104,0,956,0,2014
1187092,0,485,0,2014
959089,0,958,0,2014
832638,0,2407,0,2014
26956,0,149,0,2014
11022,0,1757,0,2014
975166,0,2503,0,2014
706634,0,384,0,2014
88954,0,161,0,2014
1155579,0,2,0,2014
126970,0,1622,0,2014
868486,0,1275,0,2014
700777,0,1803,0,2014
159421,0,108,0,2014
911258,0,1103,0,2014
913705,0,221,0,2014
57311,0,257,0,2014
697450,0,2026,0,2014
884145,0,770,0,2014
756059,0,2057,0,2014
726178,0,1462,0,2014
91565,0,2070,0,2014
913317,0,52,0,2014
47057,0,1360,0,2014
108055,0,1625,0,2014
812871,0,1486,0,2014
697848,0,2266,0,2014
957529,0,1810,0,2014
152781,0,1979,0,2014
872914,0,1098,0,2014
720656,0,142,0,2014
795268,0,1010,0,2014
160941,0,1885,0,2014
889211,0,311,0,2014
721669,0,1618,0,2014
700806,0,1800,0,2014
913979,0,1601,0,2014
959316,0,1283,0,2014
824345,0,1394,0,2014
840142,0,6,0,2014
1171546,0,1833,0,2014
887616,0,16,0,2014
143622,0,864,0,2014
974297,0,1377,0,2014
680437,0,583,0,2014
70736,0,1313,0,2014
173870,0,1627,0,2014
229203,0,1918,0,2014
102241,0,210,0,2014
921246,0,1442,0,2014
1225508,0,1425,0,2014
768159,0,993,0,2014
1104871,0,2020,0,2014
1037794,0,430,0,2014
796750,0,1987,0,2014
1055208,0,10,0,2014
111727,0,277,0,2014
966322,0,589,0,2014
803353,0,1432,0,2014
815046,0,1604,0,2014
721521,0,1050,0,2014
256304,0,2543,0,2014
1078442,0,0,4701,2014
740439,0,0,10272,2014
768992,0,0,4632,2014
1110053,0,0,1560,2014
716569,0,0,386,2014
718311,0,0,1051,2014
305217,0,0,140,2014
653,0,0,752,2014
427609,0,0,7369,2014
537641,0,0,4214,2014
432441,0,0,4797,2014
591990,0,0,4772,2014
486971,0,0,5820,2014
495757,0,0,3779,2014
476204,0,0,3673,2014
472424,0,0,2881,2014
377717,0,0,7009,2014
864614,0,0,1562,2014
852160,0,0,361,2014
813605,0,0,96,2014
903885,0,0,4758,2014
803940,0,0,172,2014
1133328,0,0,4366,2014
104918,0,0,9770,2014
1089776,0,0,5552,2014
795018,0,0,10289,2014
220196,0,0,11690,2014
829190,0,0,8256,2014
1136670,0,0,733,2014
932775,0,0,4521,2014
1230975,0,0,3589,2014
797163,0,0,43317,2014
915582,0,0,860,2014
795274,0,0,8375,2014
708822,0,0,6024,2014
716797,0,0,997,2014
1258256,0,0,1323,2014
123168,0,0,362,2014
888863,0,0,538,2014
829204,0,0,111,2014
