vehicle_type,body_type,fuel_type,vehicle_year,NumMakes,NumModels,MPG,Range,NewPrice,auto_operating_cost,co2gpm
Car_0_BEV,Car,BEV,2026,13,89,95.9,298,49000.0,11.27,0.0
Car_1_BEV,Car,BEV,2025,16,103,95.2,291,46550.0,11.31,0.0
Car_2_BEV,Car,BEV,2024,16,96,98.0,284,44222.5,11.16,0.0
Car_3_BEV,Car,BEV,2023,14,68,102.4,279,42011.37,10.94,0.0
Car_4_BEV,Car,BEV,2022,13,49,99.8,280,39910.81,11.07,0.0
Car_5_BEV,Car,BEV,2021,11,35,98.2,237,37915.27,11.15,0.0
Car_6_BEV,Car,BEV,2020,8,26,110.5,252,36019.5,10.57,0.0
Car_7_BEV,Car,BEV,2019,10,27,113.1,218,34218.53,10.47,0.0
Car_8_BEV,Car,BEV,2018,11,20,112.6,186,32507.6,10.49,0.0
Car_9_BEV,Car,BEV,2017,13,23,108.7,169,30882.22,10.65,0.0
Car_10_BEV,Car,BEV,2016,11,25,103.1,172,29338.11,10.9,0.0
Car_11_BEV,Car,BEV,2015,10,18,103.2,157,27871.2,10.9,0.0
Car_12_BEV,Car,BEV,2014,10,13,106.1,114,26477.64,10.77,0.0
Car_13_BEV,Car,BEV,2013,9,12,104.3,104,25153.76,10.85,0.0
Car_14_BEV,Car,BEV,2012,5,5,95.6,112,23896.07,11.29,0.0
Car_15_BEV,Car,BEV,2011,3,4,93.8,73,22701.27,11.39,0.0
Car_16_BEV,Car,BEV,2010,0,0,89.8,0,21566.21,11.63,0.0
Car_17_BEV,Car,BEV,2009,0,0,87.7,0,20487.9,11.76,0.0
Car_18_BEV,Car,BEV,2008,1,1,98.0,100,19463.5,11.16,0.0
Car_19_BEV,Car,BEV,2007,0,0,85.1,0,18490.33,11.94,0.0
Car_0_Diesel,Car,Diesel,2026,0,0,29.5,0,38500.0,21.85,359.66
Car_1_Diesel,Car,Diesel,2025,0,0,29.2,0,36575.0,21.97,362.24
Car_2_Diesel,Car,Diesel,2024,0,0,28.9,0,34746.25,22.11,367.5
Car_3_Diesel,Car,Diesel,2023,0,0,28.4,0,33008.94,22.33,374.34
Car_4_Diesel,Car,Diesel,2022,0,0,29.2,0,31358.49,21.98,363.6
Car_5_Diesel,Car,Diesel,2021,0,0,29.3,0,29790.57,21.95,362.5
Car_6_Diesel,Car,Diesel,2020,0,0,29.4,0,28301.04,21.92,359.95
Car_7_Diesel,Car,Diesel,2019,2,6,35.2,0,26885.99,19.95,295.83
Car_8_Diesel,Car,Diesel,2018,3,10,34.8,0,25541.69,20.07,294.5
Car_9_Diesel,Car,Diesel,2017,3,8,35.2,0,24264.6,19.94,290.0
Car_10_Diesel,Car,Diesel,2016,2,8,31.4,0,23051.37,21.16,325.12
Car_11_Diesel,Car,Diesel,2015,4,17,32.8,0,21898.8,20.68,311.57
Car_12_Diesel,Car,Diesel,2014,4,15,31.5,0,20803.86,21.11,322.3
Car_13_Diesel,Car,Diesel,2013,2,7,31.8,0,19763.67,21.02,319.17
Car_14_Diesel,Car,Diesel,2012,2,5,32.2,0,18775.49,20.85,314.55
Car_15_Diesel,Car,Diesel,2011,3,5,31.4,0,17836.71,21.16,324.25
Car_16_Diesel,Car,Diesel,2010,3,5,31.4,0,16944.88,21.16,324.25
Car_17_Diesel,Car,Diesel,2009,3,4,30.2,0,16097.63,21.6,339.1
Car_18_Diesel,Car,Diesel,2008,1,1,26.0,0,15292.75,23.46,391.54
Car_19_Diesel,Car,Diesel,2007,1,1,26.0,0,14528.11,23.46,391.54
Car_0_Gas,Car,Gas,2026,28,174,23.8,0,35000.0,24.7,396.25
Car_1_Gas,Car,Gas,2025,27,194,23.6,0,33250.0,24.84,399.09
Car_2_Gas,Car,Gas,2024,32,256,23.3,0,31587.5,25.02,404.88
Car_3_Gas,Car,Gas,2023,34,339,22.9,0,30008.12,25.29,412.42
Car_4_Gas,Car,Gas,2022,34,349,23.6,0,28507.72,24.85,400.59
Car_5_Gas,Car,Gas,2021,36,381,23.6,0,27082.33,24.81,399.37
Car_6_Gas,Car,Gas,2020,41,448,23.7,0,25728.22,24.78,396.57
Car_7_Gas,Car,Gas,2019,40,474,23.8,0,24441.81,24.68,390.27
Car_8_Gas,Car,Gas,2018,41,486,23.9,0,23219.72,24.63,388.31
Car_9_Gas,Car,Gas,2017,39,468,24.0,0,22058.73,24.6,388.85
Car_10_Gas,Car,Gas,2016,39,453,23.7,0,20955.79,24.77,392.27
Car_11_Gas,Car,Gas,2015,39,449,23.4,0,19908.0,24.97,398.43
Car_12_Gas,Car,Gas,2014,41,414,23.2,0,18912.6,25.1,402.86
Car_13_Gas,Car,Gas,2013,40,385,23.1,0,17966.97,25.15,402.94
Car_14_Gas,Car,Gas,2012,42,377,22.4,0,17068.62,25.65,417.59
Car_15_Gas,Car,Gas,2011,42,350,21.7,0,16215.19,26.1,428.48
Car_16_Gas,Car,Gas,2010,44,335,21.5,0,15404.43,26.3,434.37
Car_17_Gas,Car,Gas,2009,45,333,21.0,0,14634.21,26.69,444.46
Car_18_Gas,Car,Gas,2008,46,339,20.5,0,13902.5,27.1,454.02
Car_19_Gas,Car,Gas,2007,43,304,20.3,0,13207.38,27.21,454.23
Car_0_Hybrid,Car,Hybrid,2026,11,89,32.1,0,40250.0,20.89,307.48
Car_1_Hybrid,Car,Hybrid,2025,11,96,31.2,0,38237.5,21.23,313.92
Car_2_Hybrid,Car,Hybrid,2024,11,82,30.1,0,36325.62,21.62,324.18
Car_3_Hybrid,Car,Hybrid,2023,10,78,31.0,0,34509.34,21.29,316.36
Car_4_Hybrid,Car,Hybrid,2022,9,71,32.6,0,32783.88,20.74,305.79
Car_5_Hybrid,Car,Hybrid,2021,9,67,32.6,0,31144.68,20.73,308.86
Car_6_Hybrid,Car,Hybrid,2020,12,47,35.8,0,29587.45,19.77,289.69
Car_7_Hybrid,Car,Hybrid,2019,13,43,37.0,0,28108.08,19.45,270.98
Car_8_Hybrid,Car,Hybrid,2018,11,30,40.2,0,26702.67,18.7,236.6
Car_9_Hybrid,Car,Hybrid,2017,11,29,40.4,0,25367.54,18.67,242.55
Car_10_Hybrid,Car,Hybrid,2016,14,30,36.8,0,24099.16,19.51,253.65
Car_11_Hybrid,Car,Hybrid,2015,12,32,35.5,0,22894.2,19.85,261.42
Car_12_Hybrid,Car,Hybrid,2014,15,38,34.8,0,21749.49,20.06,270.95
Car_13_Hybrid,Car,Hybrid,2013,15,32,35.3,0,20662.02,19.91,265.21
Car_14_Hybrid,Car,Hybrid,2012,12,23,34.2,0,19628.92,20.23,280.1
Car_15_Hybrid,Car,Hybrid,2011,11,18,33.6,0,18647.47,20.43,285.2
Car_16_Hybrid,Car,Hybrid,2010,8,12,34.5,0,17715.1,20.13,276.5
Car_17_Hybrid,Car,Hybrid,2009,6,8,32.2,0,16829.34,20.85,293.75
Car_18_Hybrid,Car,Hybrid,2008,6,8,31.8,0,15987.88,21.02,299.43
Car_19_Hybrid,Car,Hybrid,2007,5,7,33.3,0,15188.48,20.52,281.75
Car_0_PEV,Car,PEV,2026,5,14,19.1,371,43750.0,28.35,259.64
Car_1_PEV,Car,PEV,2025,7,31,22.2,410,41562.5,25.75,247.45
Car_2_PEV,Car,PEV,2024,5,8,29.8,423,39484.38,21.76,200.75
Car_3_PEV,Car,PEV,2023,10,20,27.4,421,37510.16,22.75,214.3
Car_4_PEV,Car,PEV,2022,10,23,28.3,433,35634.65,22.38,196.09
Car_5_PEV,Car,PEV,2021,12,30,27.8,412,33852.92,22.59,173.63
Car_6_PEV,Car,PEV,2020,13,28,30.5,442,32160.27,21.46,160.39
Car_7_PEV,Car,PEV,2019,12,27,31.8,443,30552.26,21.01,159.63
Car_8_PEV,Car,PEV,2018,14,26,32.2,428,29024.64,20.87,160.81
Car_9_PEV,Car,PEV,2017,9,14,35.1,451,27573.41,19.96,138.64
Car_10_PEV,Car,PEV,2016,8,14,33.8,417,26194.74,20.36,142.21
Car_11_PEV,Car,PEV,2015,8,11,32.1,413,24885.0,20.91,181.55
Car_12_PEV,Car,PEV,2014,8,10,35.1,425,23640.75,19.97,160.0
Car_13_PEV,Car,PEV,2013,3,4,40.8,505,22458.72,18.59,118.0
Car_14_PEV,Car,PEV,2012,3,3,35.7,386,21335.78,19.81,129.67
Car_15_PEV,Car,PEV,2011,1,1,37.0,380,20268.99,19.46,84.0
Car_16_PEV,Car,PEV,2010,0,0,28.4,0,19255.54,22.3,173.44
Car_17_PEV,Car,PEV,2009,0,0,27.8,0,18292.76,22.6,177.47
Car_18_PEV,Car,PEV,2008,0,0,27.1,0,17378.13,22.91,181.29
Car_19_PEV,Car,PEV,2007,0,0,26.9,0,16509.22,22.99,181.37
Motorcycle_0_BEV,Motorcycle,BEV,2026,0,0,0.0,0,21000.0,26.22,0.0
Motorcycle_1_BEV,Motorcycle,BEV,2025,0,0,0.0,0,19950.0,26.22,0.0
Motorcycle_2_BEV,Motorcycle,BEV,2024,0,0,0.0,0,18952.5,26.22,0.0
Motorcycle_3_BEV,Motorcycle,BEV,2023,0,0,0.0,0,18004.87,26.22,0.0
Motorcycle_4_BEV,Motorcycle,BEV,2022,0,0,0.0,0,17104.63,26.22,0.0
Motorcycle_5_BEV,Motorcycle,BEV,2021,0,0,0.0,0,16249.4,26.22,0.0
Motorcycle_6_BEV,Motorcycle,BEV,2020,0,0,0.0,0,15436.93,26.22,0.0
Motorcycle_7_BEV,Motorcycle,BEV,2019,0,0,0.0,0,14665.08,26.22,0.0
Motorcycle_8_BEV,Motorcycle,BEV,2018,0,0,0.0,0,13931.83,26.22,0.0
Motorcycle_9_BEV,Motorcycle,BEV,2017,0,0,0.0,0,13235.24,26.22,0.0
Motorcycle_10_BEV,Motorcycle,BEV,2016,0,0,0.0,0,12573.48,26.22,0.0
Motorcycle_11_BEV,Motorcycle,BEV,2015,0,0,0.0,0,11944.8,26.22,0.0
Motorcycle_12_BEV,Motorcycle,BEV,2014,0,0,0.0,0,11347.56,26.22,0.0
Motorcycle_13_BEV,Motorcycle,BEV,2013,0,0,0.0,0,10780.18,26.22,0.0
Motorcycle_14_BEV,Motorcycle,BEV,2012,0,0,0.0,0,10241.17,26.22,0.0
Motorcycle_15_BEV,Motorcycle,BEV,2011,0,0,0.0,0,9729.12,26.22,0.0
Motorcycle_16_BEV,Motorcycle,BEV,2010,0,0,0.0,0,9242.66,26.22,0.0
Motorcycle_17_BEV,Motorcycle,BEV,2009,0,0,0.0,0,8780.53,26.22,0.0
Motorcycle_18_BEV,Motorcycle,BEV,2008,0,0,0.0,0,8341.5,26.22,0.0
Motorcycle_19_BEV,Motorcycle,BEV,2007,0,0,0.0,0,7924.43,26.22,0.0
Motorcycle_0_Diesel,Motorcycle,Diesel,2026,0,0,0.0,0,16500.0,24.0,0.0
Motorcycle_1_Diesel,Motorcycle,Diesel,2025,0,0,0.0,0,15675.0,24.0,0.0
Motorcycle_2_Diesel,Motorcycle,Diesel,2024,0,0,0.0,0,14891.25,24.0,0.0
Motorcycle_3_Diesel,Motorcycle,Diesel,2023,0,0,0.0,0,14146.69,24.0,0.0
Motorcycle_4_Diesel,Motorcycle,Diesel,2022,0,0,0.0,0,13439.35,24.0,0.0
Motorcycle_5_Diesel,Motorcycle,Diesel,2021,0,0,0.0,0,12767.39,24.0,0.0
Motorcycle_6_Diesel,Motorcycle,Diesel,2020,0,0,0.0,0,12129.02,24.0,0.0
Motorcycle_7_Diesel,Motorcycle,Diesel,2019,0,0,0.0,0,11522.57,24.0,0.0
Motorcycle_8_Diesel,Motorcycle,Diesel,2018,0,0,0.0,0,10946.44,24.0,0.0
Motorcycle_9_Diesel,Motorcycle,Diesel,2017,0,0,0.0,0,10399.12,24.0,0.0
Motorcycle_10_Diesel,Motorcycle,Diesel,2016,0,0,0.0,0,9879.16,24.0,0.0
Motorcycle_11_Diesel,Motorcycle,Diesel,2015,0,0,0.0,0,9385.2,24.0,0.0
Motorcycle_12_Diesel,Motorcycle,Diesel,2014,0,0,0.0,0,8915.94,24.0,0.0
Motorcycle_13_Diesel,Motorcycle,Diesel,2013,0,0,0.0,0,8470.14,24.0,0.0
Motorcycle_14_Diesel,Motorcycle,Diesel,2012,0,0,0.0,0,8046.64,24.0,0.0
Motorcycle_15_Diesel,Motorcycle,Diesel,2011,0,0,0.0,0,7644.31,24.0,0.0
Motorcycle_16_Diesel,Motorcycle,Diesel,2010,0,0,0.0,0,7262.09,24.0,0.0
Motorcycle_17_Diesel,Motorcycle,Diesel,2009,0,0,0.0,0,6898.99,24.0,0.0
Motorcycle_18_Diesel,Motorcycle,Diesel,2008,0,0,0.0,0,6554.04,24.0,0.0
Motorcycle_19_Diesel,Motorcycle,Diesel,2007,0,0,0.0,0,6226.33,24.0,0.0
Motorcycle_0_Gas,Motorcycle,Gas,2026,0,0,0.0,0,15000.0,24.0,0.0
Motorcycle_1_Gas,Motorcycle,Gas,2025,0,0,0.0,0,14250.0,24.0,0.0
Motorcycle_2_Gas,Motorcycle,Gas,2024,0,0,0.0,0,13537.5,24.0,0.0
Motorcycle_3_Gas,Motorcycle,Gas,2023,0,0,0.0,0,12860.62,24.0,0.0
Motorcycle_4_Gas,Motorcycle,Gas,2022,0,0,0.0,0,12217.59,24.0,0.0
Motorcycle_5_Gas,Motorcycle,Gas,2021,0,0,0.0,0,11606.71,24.0,0.0
Motorcycle_6_Gas,Motorcycle,Gas,2020,0,0,0.0,0,11026.38,24.0,0.0
Motorcycle_7_Gas,Motorcycle,Gas,2019,0,0,0.0,0,10475.06,24.0,0.0
Motorcycle_8_Gas,Motorcycle,Gas,2018,0,0,0.0,0,9951.31,24.0,0.0
Motorcycle_9_Gas,Motorcycle,Gas,2017,0,0,0.0,0,9453.74,24.0,0.0
Motorcycle_10_Gas,Motorcycle,Gas,2016,0,0,0.0,0,8981.05,24.0,0.0
Motorcycle_11_Gas,Motorcycle,Gas,2015,0,0,0.0,0,8532.0,24.0,0.0
Motorcycle_12_Gas,Motorcycle,Gas,2014,0,0,0.0,0,8105.4,24.0,0.0
Motorcycle_13_Gas,Motorcycle,Gas,2013,0,0,0.0,0,7700.13,24.0,0.0
Motorcycle_14_Gas,Motorcycle,Gas,2012,0,0,0.0,0,7315.12,24.0,0.0
Motorcycle_15_Gas,Motorcycle,Gas,2011,0,0,0.0,0,6949.37,24.0,0.0
Motorcycle_16_Gas,Motorcycle,Gas,2010,0,0,0.0,0,6601.9,24.0,0.0
Motorcycle_17_Gas,Motorcycle,Gas,2009,0,0,0.0,0,6271.81,24.0,0.0
Motorcycle_18_Gas,Motorcycle,Gas,2008,0,0,0.0,0,5958.21,24.0,0.0
Motorcycle_19_Gas,Motorcycle,Gas,2007,0,0,0.0,0,5660.3,24.0,0.0
Motorcycle_0_Hybrid,Motorcycle,Hybrid,2026,0,0,0.0,0,17250.0,24.0,0.0
Motorcycle_1_Hybrid,Motorcycle,Hybrid,2025,0,0,0.0,0,16387.5,24.0,0.0
Motorcycle_2_Hybrid,Motorcycle,Hybrid,2024,0,0,0.0,0,15568.12,24.0,0.0
Motorcycle_3_Hybrid,Motorcycle,Hybrid,2023,0,0,0.0,0,14789.72,24.0,0.0
Motorcycle_4_Hybrid,Motorcycle,Hybrid,2022,0,0,0.0,0,14050.23,24.0,0.0
Motorcycle_5_Hybrid,Motorcycle,Hybrid,2021,0,0,0.0,0,13347.72,24.0,0.0
Motorcycle_6_Hybrid,Motorcycle,Hybrid,2020,0,0,0.0,0,12680.34,24.0,0.0
Motorcycle_7_Hybrid,Motorcycle,Hybrid,2019,0,0,0.0,0,12046.32,24.0,0.0
Motorcycle_8_Hybrid,Motorcycle,Hybrid,2018,0,0,0.0,0,11444.0,24.0,0.0
Motorcycle_9_Hybrid,Motorcycle,Hybrid,2017,0,0,0.0,0,10871.8,24.0,0.0
Motorcycle_10_Hybrid,Motorcycle,Hybrid,2016,0,0,0.0,0,10328.21,24.0,0.0
Motorcycle_11_Hybrid,Motorcycle,Hybrid,2015,0,0,0.0,0,9811.8,24.0,0.0
Motorcycle_12_Hybrid,Motorcycle,Hybrid,2014,0,0,0.0,0,9321.21,24.0,0.0
Motorcycle_13_Hybrid,Motorcycle,Hybrid,2013,0,0,0.0,0,8855.15,24.0,0.0
Motorcycle_14_Hybrid,Motorcycle,Hybrid,2012,0,0,0.0,0,8412.39,24.0,0.0
Motorcycle_15_Hybrid,Motorcycle,Hybrid,2011,0,0,0.0,0,7991.77,24.0,0.0
Motorcycle_16_Hybrid,Motorcycle,Hybrid,2010,0,0,0.0,0,7592.19,24.0,0.0
Motorcycle_17_Hybrid,Motorcycle,Hybrid,2009,0,0,0.0,0,7212.58,24.0,0.0
Motorcycle_18_Hybrid,Motorcycle,Hybrid,2008,0,0,0.0,0,6851.95,24.0,0.0
Motorcycle_19_Hybrid,Motorcycle,Hybrid,2007,0,0,0.0,0,6509.35,24.0,0.0
Motorcycle_0_PEV,Motorcycle,PEV,2026,0,0,0.0,0,18750.0,24.0,0.0
Motorcycle_1_PEV,Motorcycle,PEV,2025,0,0,0.0,0,17812.5,24.0,0.0
Motorcycle_2_PEV,Motorcycle,PEV,2024,0,0,0.0,0,16921.88,24.0,0.0
Motorcycle_3_PEV,Motorcycle,PEV,2023,0,0,0.0,0,16075.78,24.0,0.0
Motorcycle_4_PEV,Motorcycle,PEV,2022,0,0,0.0,0,15271.99,24.0,0.0
Motorcycle_5_PEV,Motorcycle,PEV,2021,0,0,0.0,0,14508.39,24.0,0.0
Motorcycle_6_PEV,Motorcycle,PEV,2020,0,0,0.0,0,13782.97,24.0,0.0
Motorcycle_7_PEV,Motorcycle,PEV,2019,0,0,0.0,0,13093.82,24.0,0.0
Motorcycle_8_PEV,Motorcycle,PEV,2018,0,0,0.0,0,12439.13,24.0,0.0
Motorcycle_9_PEV,Motorcycle,PEV,2017,0,0,0.0,0,11817.18,24.0,0.0
Motorcycle_10_PEV,Motorcycle,PEV,2016,0,0,0.0,0,11226.32,24.0,0.0
Motorcycle_11_PEV,Motorcycle,PEV,2015,0,0,0.0,0,10665.0,24.0,0.0
Motorcycle_12_PEV,Motorcycle,PEV,2014,0,0,0.0,0,10131.75,24.0,0.0
Motorcycle_13_PEV,Motorcycle,PEV,2013,0,0,0.0,0,9625.16,24.0,0.0
Motorcycle_14_PEV,Motorcycle,PEV,2012,0,0,0.0,0,9143.91,24.0,0.0
Motorcycle_15_PEV,Motorcycle,PEV,2011,0,0,0.0,0,8686.71,24.0,0.0
Motorcycle_16_PEV,Motorcycle,PEV,2010,0,0,0.0,0,8252.38,24.0,0.0
Motorcycle_17_PEV,Motorcycle,PEV,2009,0,0,0.0,0,7839.76,24.0,0.0
Motorcycle_18_PEV,Motorcycle,PEV,2008,0,0,0.0,0,7447.77,24.0,0.0
Motorcycle_19_PEV,Motorcycle,PEV,2007,0,0,0.0,0,7075.38,24.0,0.0
Pickup_0_BEV,Pickup,BEV,2026,4,36,75.5,342,70000.0,12.7,0.0
Pickup_1_BEV,Pickup,BEV,2025,5,41,73.1,335,66500.0,12.92,0.0
Pickup_2_BEV,Pickup,BEV,2024,4,33,69.4,324,63175.0,13.28,0.0
Pickup_3_BEV,Pickup,BEV,2023,3,11,69.5,303,60016.25,13.27,0.0
Pickup_4_BEV,Pickup,BEV,2022,2,4,68.5,291,57015.44,13.38,0.0
Pickup_5_BEV,Pickup,BEV,2021,0,0,75.9,0,54164.67,12.66,0.0
Pickup_6_BEV,Pickup,BEV,2020,0,0,77.2,0,51456.43,12.55,0.0
Pickup_7_BEV,Pickup,BEV,2019,0,0,77.3,0,48883.61,12.54,0.0
Pickup_8_BEV,Pickup,BEV,2018,0,0,78.0,0,46439.43,12.48,0.0
Pickup_9_BEV,Pickup,BEV,2017,0,0,77.5,0,44117.46,12.52,0.0
Pickup_10_BEV,Pickup,BEV,2016,0,0,77.3,0,41911.59,12.54,0.0
Pickup_11_BEV,Pickup,BEV,2015,0,0,77.7,0,39816.01,12.5,0.0
Pickup_12_BEV,Pickup,BEV,2014,0,0,71.6,0,37825.21,13.06,0.0
Pickup_13_BEV,Pickup,BEV,2013,0,0,70.7,0,35933.95,13.15,0.0
Pickup_14_BEV,Pickup,BEV,2012,0,0,72.5,0,34137.25,12.97,0.0
Pickup_15_BEV,Pickup,BEV,2011,0,0,72.3,0,32430.39,13.0,0.0
Pickup_16_BEV,Pickup,BEV,2010,0,0,71.8,0,30808.87,13.04,0.0
Pickup_17_BEV,Pickup,BEV,2009,0,0,70.4,0,29268.42,13.18,0.0
Pickup_18_BEV,Pickup,BEV,2008,0,0,68.0,0,27805.0,13.43,0.0
Pickup_19_BEV,Pickup,BEV,2007,0,0,67.6,0,26414.75,13.48,0.0
Pickup_0_Diesel,Pickup,Diesel,2026,2,10,23.0,0,55000.0,25.22,444.8
Pickup_1_Diesel,Pickup,Diesel,2025,2,8,23.1,0,52250.0,25.15,444.7
Pickup_2_Diesel,Pickup,Diesel,2024,2,8,22.8,0,49637.5,25.35,449.1
Pickup_3_Diesel,Pickup,Diesel,2023,4,9,24.0,0,47155.62,24.58,426.6
Pickup_4_Diesel,Pickup,Diesel,2022,4,16,23.4,0,44797.84,24.95,434.82
Pickup_5_Diesel,Pickup,Diesel,2021,5,16,23.8,0,42557.95,24.7,429.19
Pickup_6_Diesel,Pickup,Diesel,2020,4,16,23.7,0,40430.05,24.78,430.56
Pickup_7_Diesel,Pickup,Diesel,2019,4,12,22.6,0,38408.55,25.5,450.25
Pickup_8_Diesel,Pickup,Diesel,2018,4,12,23.2,0,36488.12,25.11,444.25
Pickup_9_Diesel,Pickup,Diesel,2017,3,7,23.0,0,34663.72,25.22,448.43
Pickup_10_Diesel,Pickup,Diesel,2016,3,7,23.6,0,32930.53,24.85,434.71
Pickup_11_Diesel,Pickup,Diesel,2015,1,3,23.0,0,31284.01,25.22,443.67
Pickup_12_Diesel,Pickup,Diesel,2014,1,2,22.5,0,29719.8,25.56,450.5
Pickup_13_Diesel,Pickup,Diesel,2013,0,0,21.0,0,28233.81,26.7,483.72
Pickup_14_Diesel,Pickup,Diesel,2012,0,0,21.5,0,26822.12,26.29,472.43
Pickup_15_Diesel,Pickup,Diesel,2011,1,1,20.0,0,25481.02,27.5,509.0
Pickup_16_Diesel,Pickup,Diesel,2010,0,0,21.3,0,24206.97,26.45,477.25
Pickup_17_Diesel,Pickup,Diesel,2009,0,0,20.9,0,22996.62,26.77,485.49
Pickup_18_Diesel,Pickup,Diesel,2008,0,0,20.2,0,21846.79,27.36,505.06
Pickup_19_Diesel,Pickup,Diesel,2007,0,0,20.0,0,20754.45,27.48,506.68
Pickup_0_Gas,Pickup,Gas,2026,8,63,18.6,0,50000.0,28.86,490.28
Pickup_1_Gas,Pickup,Gas,2025,8,45,18.4,0,47500.0,29.07,491.84
Pickup_2_Gas,Pickup,Gas,2024,8,48,18.4,0,45125.0,29.06,492.6
Pickup_3_Gas,Pickup,Gas,2023,8,49,18.5,0,42868.75,28.92,487.56
Pickup_4_Gas,Pickup,Gas,2022,8,41,18.1,0,40725.31,29.33,499.01
Pickup_5_Gas,Pickup,Gas,2021,8,38,18.1,0,38689.05,29.3,496.94
Pickup_6_Gas,Pickup,Gas,2020,9,39,18.5,0,36754.59,28.96,486.94
Pickup_7_Gas,Pickup,Gas,2019,8,56,18.5,0,34916.86,28.93,486.34
Pickup_8_Gas,Pickup,Gas,2018,8,45,18.7,0,33171.02,28.76,483.67
Pickup_9_Gas,Pickup,Gas,2017,8,41,18.5,0,31512.47,28.89,488.67
Pickup_10_Gas,Pickup,Gas,2016,7,30,18.5,0,29936.85,28.93,488.18
Pickup_11_Gas,Pickup,Gas,2015,6,24,18.6,0,28440.0,28.84,485.79
Pickup_12_Gas,Pickup,Gas,2014,8,22,17.1,0,27018.0,30.46,531.12
Pickup_13_Gas,Pickup,Gas,2013,7,25,16.9,0,25667.1,30.71,532.93
Pickup_14_Gas,Pickup,Gas,2012,8,38,17.3,0,24383.75,30.2,520.49
Pickup_15_Gas,Pickup,Gas,2011,8,44,17.3,0,23164.56,30.26,522.85
Pickup_16_Gas,Pickup,Gas,2010,10,47,17.2,0,22006.33,30.4,525.8
Pickup_17_Gas,Pickup,Gas,2009,11,50,16.8,0,20906.02,30.79,534.88
Pickup_18_Gas,Pickup,Gas,2008,14,66,16.3,0,19860.72,31.53,556.44
Pickup_19_Gas,Pickup,Gas,2007,12,62,16.1,0,18867.68,31.67,558.22
Pickup_0_Hybrid,Pickup,Hybrid,2026,3,13,23.9,0,57500.0,24.66,392.94
Pickup_1_Hybrid,Pickup,Hybrid,2025,3,10,24.6,0,54625.0,24.21,377.55
Pickup_2_Hybrid,Pickup,Hybrid,2024,3,9,22.3,0,51893.75,25.72,408.27
Pickup_3_Hybrid,Pickup,Hybrid,2023,3,9,22.8,0,49299.06,25.34,399.73
Pickup_4_Hybrid,Pickup,Hybrid,2022,3,9,22.8,0,46834.11,25.34,400.45
Pickup_5_Hybrid,Pickup,Hybrid,2021,2,5,21.9,0,44492.4,26.01,410.57
Pickup_6_Hybrid,Pickup,Hybrid,2020,1,3,20.8,0,42267.78,26.83,432.0
Pickup_7_Hybrid,Pickup,Hybrid,2019,1,3,20.8,0,40154.39,26.83,432.0
Pickup_8_Hybrid,Pickup,Hybrid,2018,2,4,19.0,0,38146.67,28.42,468.5
Pickup_9_Hybrid,Pickup,Hybrid,2017,2,4,19.0,0,36239.34,28.42,467.5
Pickup_10_Hybrid,Pickup,Hybrid,2016,2,4,19.0,0,34427.37,28.42,468.0
Pickup_11_Hybrid,Pickup,Hybrid,2015,0,0,25.3,0,32706.01,23.85,368.29
Pickup_12_Hybrid,Pickup,Hybrid,2014,0,0,23.3,0,31070.71,25.04,402.66
Pickup_13_Hybrid,Pickup,Hybrid,2013,2,4,21.0,0,29517.17,26.67,420.5
Pickup_14_Hybrid,Pickup,Hybrid,2012,2,4,21.0,0,28041.31,26.67,423.19
Pickup_15_Hybrid,Pickup,Hybrid,2011,2,4,21.0,0,26639.25,26.67,423.19
Pickup_16_Hybrid,Pickup,Hybrid,2010,2,4,21.5,0,25307.28,26.28,413.57
Pickup_17_Hybrid,Pickup,Hybrid,2009,2,4,20.5,0,24041.92,27.07,433.77
Pickup_18_Hybrid,Pickup,Hybrid,2008,0,0,22.1,0,22839.82,25.82,421.85
Pickup_19_Hybrid,Pickup,Hybrid,2007,2,4,16.5,0,21697.83,31.21,539.1
Pickup_0_PEV,Pickup,PEV,2026,0,0,24.6,0,62500.0,24.24,195.77
Pickup_1_PEV,Pickup,PEV,2025,0,0,24.3,0,59375.0,24.4,196.39
Pickup_2_PEV,Pickup,PEV,2024,0,0,24.3,0,56406.25,24.39,196.69
Pickup_3_PEV,Pickup,PEV,2023,0,0,24.5,0,53585.94,24.28,194.68
Pickup_4_PEV,Pickup,PEV,2022,0,0,24.0,0,50906.64,24.59,199.25
Pickup_5_PEV,Pickup,PEV,2021,0,0,24.0,0,48361.31,24.57,198.43
Pickup_6_PEV,Pickup,PEV,2020,0,0,24.5,0,45943.24,24.31,194.44
Pickup_7_PEV,Pickup,PEV,2019,0,0,24.5,0,43646.08,24.29,194.19
Pickup_8_PEV,Pickup,PEV,2018,0,0,24.7,0,41463.78,24.16,193.13
Pickup_9_PEV,Pickup,PEV,2017,0,0,24.5,0,39390.59,24.26,195.12
Pickup_10_PEV,Pickup,PEV,2016,0,0,24.5,0,37421.06,24.29,194.93
Pickup_11_PEV,Pickup,PEV,2015,0,0,24.6,0,35550.01,24.22,193.97
Pickup_12_PEV,Pickup,PEV,2014,0,0,22.7,0,33772.51,25.44,212.08
Pickup_13_PEV,Pickup,PEV,2013,0,0,22.4,0,32083.88,25.63,212.8
Pickup_14_PEV,Pickup,PEV,2012,0,0,23.0,0,30479.69,25.25,207.83
Pickup_15_PEV,Pickup,PEV,2011,0,0,22.9,0,28955.7,25.3,208.77
Pickup_16_PEV,Pickup,PEV,2010,0,0,22.7,0,27507.92,25.4,209.95
Pickup_17_PEV,Pickup,PEV,2009,0,0,22.3,0,26132.52,25.7,213.58
Pickup_18_PEV,Pickup,PEV,2008,0,0,21.5,0,24825.89,26.25,222.19
Pickup_19_PEV,Pickup,PEV,2007,0,0,21.4,0,23584.6,26.36,222.9
SUV_0_BEV,SUV,BEV,2026,25,183,95.4,296,63000.0,11.3,0.0
SUV_1_BEV,SUV,BEV,2025,25,175,91.5,284,59850.0,11.52,0.0
SUV_2_BEV,SUV,BEV,2024,23,133,90.1,278,56857.5,11.61,0.0
SUV_3_BEV,SUV,BEV,2023,15,63,90.1,270,54014.62,11.61,0.0
SUV_4_BEV,SUV,BEV,2022,9,36,93.4,264,51313.89,11.41,0.0
SUV_5_BEV,SUV,BEV,2021,6,16,97.9,267,48748.2,11.16,0.0
SUV_6_BEV,SUV,BEV,2020,5,12,97.4,277,46310.79,11.19,0.0
SUV_7_BEV,SUV,BEV,2019,4,8,88.8,264,43995.25,11.7,0.0
SUV_8_BEV,SUV,BEV,2018,2,4,84.2,252,41795.49,12.0,0.0
SUV_9_BEV,SUV,BEV,2017,2,7,87.4,245,39705.71,11.78,0.0
SUV_10_BEV,SUV,BEV,2016,2,6,87.5,236,37720.43,11.78,0.0
SUV_11_BEV,SUV,BEV,2015,0,0,87.3,0,35834.41,11.79,0.0
SUV_12_BEV,SUV,BEV,2014,2,2,69.5,115,34042.69,13.27,0.0
SUV_13_BEV,SUV,BEV,2013,2,2,69.5,115,32340.55,13.27,0.0
SUV_14_BEV,SUV,BEV,2012,2,2,69.0,112,30723.52,13.33,0.0
SUV_15_BEV,SUV,BEV,2011,0,0,81.0,0,29187.35,12.24,0.0
SUV_16_BEV,SUV,BEV,2010,0,0,79.1,0,27727.98,12.39,0.0
SUV_17_BEV,SUV,BEV,2009,0,0,76.0,0,26341.58,12.65,0.0
SUV_18_BEV,SUV,BEV,2008,0,0,74.1,0,25024.5,12.82,0.0
SUV_19_BEV,SUV,BEV,2007,0,0,73.8,0,23773.28,12.85,0.0
SUV_0_Diesel,SUV,Diesel,2026,2,8,22.6,0,49500.0,25.47,449.12
SUV_1_Diesel,SUV,Diesel,2025,2,8,22.6,0,47025.0,25.47,446.62
SUV_2_Diesel,SUV,Diesel,2024,3,10,22.6,0,44673.75,25.49,450.3
SUV_3_Diesel,SUV,Diesel,2023,4,12,22.8,0,42440.06,25.33,446.58
SUV_4_Diesel,SUV,Diesel,2022,4,12,22.8,0,40318.06,25.33,446.33
SUV_5_Diesel,SUV,Diesel,2021,5,14,23.0,0,38302.16,25.22,433.29
SUV_6_Diesel,SUV,Diesel,2020,2,4,24.0,0,36387.05,24.58,420.75
SUV_7_Diesel,SUV,Diesel,2019,6,12,28.1,0,34567.7,22.46,368.17
SUV_8_Diesel,SUV,Diesel,2018,7,14,27.6,0,32839.31,22.66,373.07
SUV_9_Diesel,SUV,Diesel,2017,3,5,25.0,0,31197.35,24.0,405.0
SUV_10_Diesel,SUV,Diesel,2016,7,11,25.0,0,29637.48,24.0,407.73
SUV_11_Diesel,SUV,Diesel,2015,6,10,25.2,0,28155.6,23.89,409.8
SUV_12_Diesel,SUV,Diesel,2014,6,8,24.5,0,26747.82,24.29,418.88
SUV_13_Diesel,SUV,Diesel,2013,5,5,23.4,0,25410.43,24.96,438.4
SUV_14_Diesel,SUV,Diesel,2012,3,3,21.0,0,24139.91,26.67,485.59
SUV_15_Diesel,SUV,Diesel,2011,3,3,21.3,0,22932.92,26.41,478.24
SUV_16_Diesel,SUV,Diesel,2010,3,3,20.7,0,21786.27,26.94,493.58
SUV_17_Diesel,SUV,Diesel,2009,3,3,20.7,0,20696.96,26.94,493.58
SUV_18_Diesel,SUV,Diesel,2008,3,6,19.7,0,19662.11,27.8,520.36
SUV_19_Diesel,SUV,Diesel,2007,3,6,19.7,0,18679.0,27.8,520.36
SUV_0_Gas,SUV,Gas,2026,32,213,22.2,0,45000.0,25.79,416.15
SUV_1_Gas,SUV,Gas,2025,34,230,22.5,0,42750.0,25.56,411.66
SUV_2_Gas,SUV,Gas,2024,34,236,22.0,0,40612.5,25.94,422.56
SUV_3_Gas,SUV,Gas,2023,34,249,21.8,0,38581.87,26.06,426.57
SUV_4_Gas,SUV,Gas,2022,34,265,21.7,0,36652.78,26.16,428.26
SUV_5_Gas,SUV,Gas,2021,34,246,21.7,0,34820.14,26.12,426.25
SUV_6_Gas,SUV,Gas,2020,32,250,21.8,0,33079.14,26.08,421.56
SUV_7_Gas,SUV,Gas,2019,32,235,21.6,0,31425.18,26.18,423.82
SUV_8_Gas,SUV,Gas,2018,31,233,21.4,0,29853.92,26.33,427.52
SUV_9_Gas,SUV,Gas,2017,30,217,21.2,0,28361.22,26.48,432.19
SUV_10_Gas,SUV,Gas,2016,27,197,21.4,0,26943.16,26.39,429.37
SUV_11_Gas,SUV,Gas,2015,26,199,20.9,0,25596.0,26.78,438.28
SUV_12_Gas,SUV,Gas,2014,26,181,20.3,0,24316.2,27.23,449.05
SUV_13_Gas,SUV,Gas,2013,27,179,20.0,0,23100.39,27.54,460.25
SUV_14_Gas,SUV,Gas,2012,28,171,19.5,0,21945.37,27.9,468.49
SUV_15_Gas,SUV,Gas,2011,29,193,19.4,0,20848.11,28.08,473.4
SUV_16_Gas,SUV,Gas,2010,31,185,18.9,0,19805.7,28.5,484.89
SUV_17_Gas,SUV,Gas,2009,34,180,18.2,0,18815.42,29.26,502.83
SUV_18_Gas,SUV,Gas,2008,34,168,17.7,0,17874.64,29.77,515.69
SUV_19_Gas,SUV,Gas,2007,34,168,17.6,0,16980.91,29.83,515.55
SUV_0_Hybrid,SUV,Hybrid,2026,18,107,26.4,0,51750.0,23.28,369.47
SUV_1_Hybrid,SUV,Hybrid,2025,17,100,25.5,0,49162.5,23.73,380.38
SUV_2_Hybrid,SUV,Hybrid,2024,15,97,25.8,0,46704.37,23.56,376.64
SUV_3_Hybrid,SUV,Hybrid,2023,14,83,25.7,0,44369.16,23.61,371.27
SUV_4_Hybrid,SUV,Hybrid,2022,12,64,24.9,0,42150.7,24.05,383.09
SUV_5_Hybrid,SUV,Hybrid,2021,12,48,25.1,0,40043.16,23.95,381.58
SUV_6_Hybrid,SUV,Hybrid,2020,9,28,25.9,0,38041.01,23.52,370.83
SUV_7_Hybrid,SUV,Hybrid,2019,7,13,28.2,0,36138.96,22.4,327.69
SUV_8_Hybrid,SUV,Hybrid,2018,5,11,29.0,0,34332.01,22.07,310.36
SUV_9_Hybrid,SUV,Hybrid,2017,5,10,29.6,0,32615.41,21.82,302.1
SUV_10_Hybrid,SUV,Hybrid,2016,5,11,29.1,0,30984.64,22.03,305.82
SUV_11_Hybrid,SUV,Hybrid,2015,7,13,27.5,0,29435.4,22.71,323.54
SUV_12_Hybrid,SUV,Hybrid,2014,8,12,26.2,0,27963.63,23.33,334.08
SUV_13_Hybrid,SUV,Hybrid,2013,8,13,23.1,0,26565.45,25.17,386.15
SUV_14_Hybrid,SUV,Hybrid,2012,8,14,23.9,0,25237.18,24.63,381.01
SUV_15_Hybrid,SUV,Hybrid,2011,12,20,24.8,0,23975.32,24.08,370.01
SUV_16_Hybrid,SUV,Hybrid,2010,11,17,26.1,0,22776.56,23.4,351.19
SUV_17_Hybrid,SUV,Hybrid,2009,10,15,25.4,0,21637.73,23.79,361.73
SUV_18_Hybrid,SUV,Hybrid,2008,8,14,26.1,0,20555.84,23.39,349.33
SUV_19_Hybrid,SUV,Hybrid,2007,5,8,26.8,0,19528.05,23.08,332.95
SUV_0_PEV,SUV,PEV,2026,11,17,28.2,457,56250.0,22.42,154.71
SUV_1_PEV,SUV,PEV,2025,19,35,26.7,444,53437.5,23.13,162.34
SUV_2_PEV,SUV,PEV,2024,11,14,28.5,451,50765.62,22.28,135.21
SUV_3_PEV,SUV,PEV,2023,15,23,27.1,447,48227.34,22.9,153.52
SUV_4_PEV,SUV,PEV,2022,13,20,27.6,461,45815.98,22.7,163.4
SUV_5_PEV,SUV,PEV,2021,12,19,25.0,437,43525.18,24.0,204.74
SUV_6_PEV,SUV,PEV,2020,11,16,24.3,426,41348.92,24.4,226.56
SUV_7_PEV,SUV,PEV,2019,6,8,24.4,440,39281.47,24.36,223.75
SUV_8_PEV,SUV,PEV,2018,5,7,24.3,414,37317.4,24.41,228.57
SUV_9_PEV,SUV,PEV,2017,4,4,23.0,457,35451.53,25.22,260.0
SUV_10_PEV,SUV,PEV,2016,4,4,23.0,457,33678.95,25.22,260.5
SUV_11_PEV,SUV,PEV,2015,1,1,22.0,480,31995.01,25.91,260.0
SUV_12_PEV,SUV,PEV,2014,0,0,26.9,0,30395.25,23.0,179.3
SUV_13_PEV,SUV,PEV,2013,0,0,26.4,0,28875.49,23.24,183.78
SUV_14_PEV,SUV,PEV,2012,0,0,25.9,0,27431.72,23.52,187.07
SUV_15_PEV,SUV,PEV,2011,0,0,25.7,0,26060.13,23.65,189.03
SUV_16_PEV,SUV,PEV,2010,0,0,25.1,0,24757.13,23.97,193.61
SUV_17_PEV,SUV,PEV,2009,0,0,24.1,0,23519.27,24.54,200.78
SUV_18_PEV,SUV,PEV,2008,0,0,23.5,0,22343.31,24.92,205.91
SUV_19_PEV,SUV,PEV,2007,0,0,23.4,0,21226.14,24.97,205.86
Van_0_BEV,Van,BEV,2026,0,0,91.0,0,56000.0,11.56,0.0
Van_1_BEV,Van,BEV,2025,1,2,81.5,232,53200.0,12.2,0.0
Van_2_BEV,Van,BEV,2024,0,0,90.4,0,50540.0,11.59,0.0
Van_3_BEV,Van,BEV,2023,0,0,90.4,0,48013.0,11.59,0.0
Van_4_BEV,Van,BEV,2022,0,0,84.3,0,45612.35,12.0,0.0
Van_5_BEV,Van,BEV,2021,0,0,83.1,0,43331.73,12.09,0.0
Van_6_BEV,Van,BEV,2020,0,0,84.1,0,41165.15,12.01,0.0
Van_7_BEV,Van,BEV,2019,0,0,82.6,0,39106.89,12.12,0.0
Van_8_BEV,Van,BEV,2018,0,0,83.1,0,37151.54,12.09,0.0
Van_9_BEV,Van,BEV,2017,0,0,76.8,0,35293.97,12.58,0.0
Van_10_BEV,Van,BEV,2016,0,0,75.3,0,33529.27,12.71,0.0
Van_11_BEV,Van,BEV,2015,0,0,68.4,0,31852.81,13.39,0.0
Van_12_BEV,Van,BEV,2014,0,0,65.8,0,30260.16,13.68,0.0
Van_13_BEV,Van,BEV,2013,0,0,66.3,0,28747.16,13.62,0.0
Van_14_BEV,Van,BEV,2012,0,0,64.5,0,27309.8,13.84,0.0
Van_15_BEV,Van,BEV,2011,0,0,63.3,0,25944.31,13.99,0.0
Van_16_BEV,Van,BEV,2010,0,0,72.0,0,24647.09,13.03,0.0
Van_17_BEV,Van,BEV,2009,0,0,68.8,0,23414.74,13.35,0.0
Van_18_BEV,Van,BEV,2008,0,0,69.1,0,22244.0,13.31,0.0
Van_19_BEV,Van,BEV,2007,0,0,68.3,0,21131.8,13.4,0.0
Van_0_Diesel,Van,Diesel,2026,0,0,27.0,0,44000.0,22.98,368.74
Van_1_Diesel,Van,Diesel,2025,0,0,26.5,0,41800.0,23.19,376.32
Van_2_Diesel,Van,Diesel,2024,0,0,26.8,0,39710.0,23.07,372.87
Van_3_Diesel,Van,Diesel,2023,0,0,26.8,0,37724.5,23.07,372.87
Van_4_Diesel,Van,Diesel,2022,0,0,25.0,0,35838.27,24.01,408.97
Van_5_Diesel,Van,Diesel,2021,0,0,24.6,0,34046.36,24.21,413.25
Van_6_Diesel,Van,Diesel,2020,0,0,24.9,0,32344.04,24.04,406.54
Van_7_Diesel,Van,Diesel,2019,0,0,24.5,0,30726.84,24.29,415.33
Van_8_Diesel,Van,Diesel,2018,0,0,24.6,0,29190.5,24.21,415.32
Van_9_Diesel,Van,Diesel,2017,0,0,22.8,0,27730.97,25.38,462.96
Van_10_Diesel,Van,Diesel,2016,0,0,22.3,0,26344.43,25.68,468.78
Van_11_Diesel,Van,Diesel,2015,0,0,20.3,0,25027.2,27.27,524.18
Van_12_Diesel,Van,Diesel,2014,0,0,19.5,0,23775.84,27.94,533.65
Van_13_Diesel,Van,Diesel,2013,0,0,19.7,0,22587.05,27.8,533.1
Van_14_Diesel,Van,Diesel,2012,0,0,19.1,0,21457.7,28.31,548.14
Van_15_Diesel,Van,Diesel,2011,0,0,18.8,0,20384.81,28.66,554.58
Van_16_Diesel,Van,Diesel,2010,0,0,21.3,0,19365.57,26.41,481.66
Van_17_Diesel,Van,Diesel,2009,0,0,20.4,0,18397.29,27.17,502.44
Van_18_Diesel,Van,Diesel,2008,0,0,20.5,0,17477.43,27.08,499.26
Van_19_Diesel,Van,Diesel,2007,0,0,20.2,0,16603.56,27.29,502.62
Van_0_Gas,Van,Gas,2026,3,4,21.8,0,40000.0,26.09,406.25
Van_1_Gas,Van,Gas,2025,3,5,21.4,0,38000.0,26.36,414.6
Van_2_Gas,Van,Gas,2024,3,5,21.6,0,36100.0,26.2,410.8
Van_3_Gas,Van,Gas,2023,3,5,21.6,0,34295.0,26.2,410.8
Van_4_Gas,Van,Gas,2022,4,7,20.1,0,32580.25,27.38,450.57
Van_5_Gas,Van,Gas,2021,4,7,19.9,0,30951.24,27.63,455.29
Van_6_Gas,Van,Gas,2020,6,10,20.1,0,29403.68,27.41,447.9
Van_7_Gas,Van,Gas,2019,6,8,19.8,0,27933.49,27.72,457.58
Van_8_Gas,Van,Gas,2018,6,10,19.9,0,26536.82,27.63,457.57
Van_9_Gas,Van,Gas,2017,9,15,18.4,0,25209.98,29.07,510.06
Van_10_Gas,Van,Gas,2016,9,15,18.0,0,23949.48,29.44,516.47
Van_11_Gas,Van,Gas,2015,11,19,16.3,0,22752.0,31.41,577.5
Van_12_Gas,Van,Gas,2014,12,35,15.7,0,21614.4,32.25,587.94
Van_13_Gas,Van,Gas,2013,11,35,15.9,0,20533.68,32.08,587.33
Van_14_Gas,Van,Gas,2012,12,39,15.4,0,19507.0,32.71,603.9
Van_15_Gas,Van,Gas,2011,11,38,15.1,0,18531.65,33.14,611.0
Van_16_Gas,Van,Gas,2010,10,21,17.2,0,17605.07,30.35,530.66
Van_17_Gas,Van,Gas,2009,11,24,16.4,0,16724.81,31.29,553.56
Van_18_Gas,Van,Gas,2008,11,23,16.5,0,15888.57,31.18,550.05
Van_19_Gas,Van,Gas,2007,13,26,16.3,0,15094.14,31.44,553.75
Van_0_Hybrid,Van,Hybrid,2026,2,3,34.3,0,46000.0,20.19,258.0
Van_1_Hybrid,Van,Hybrid,2025,2,3,34.7,0,43700.0,20.1,257.67
Van_2_Hybrid,Van,Hybrid,2024,1,2,35.5,0,41515.0,19.86,249.5
Van_3_Hybrid,Van,Hybrid,2023,1,2,35.5,0,39439.25,19.86,249.5
Van_4_Hybrid,Van,Hybrid,2022,1,2,35.5,0,37467.29,19.86,249.5
Van_5_Hybrid,Van,Hybrid,2021,1,2,35.5,0,35593.92,19.86,249.5
Van_6_Hybrid,Van,Hybrid,2020,0,0,27.3,0,33814.23,22.8,339.56
Van_7_Hybrid,Van,Hybrid,2019,0,0,26.9,0,32123.52,23.03,346.91
Van_8_Hybrid,Van,Hybrid,2018,0,0,27.0,0,30517.34,22.95,346.9
Van_9_Hybrid,Van,Hybrid,2017,0,0,25.0,0,28991.47,24.02,386.69
Van_10_Hybrid,Van,Hybrid,2016,0,0,24.5,0,27541.9,24.29,391.55
Van_11_Hybrid,Van,Hybrid,2015,0,0,22.2,0,26164.8,25.74,437.82
Van_12_Hybrid,Van,Hybrid,2014,0,0,21.4,0,24856.56,26.35,445.73
Van_13_Hybrid,Van,Hybrid,2013,0,0,21.6,0,23613.74,26.23,445.27
Van_14_Hybrid,Van,Hybrid,2012,0,0,21.0,0,22433.05,26.69,457.83
Van_15_Hybrid,Van,Hybrid,2011,0,0,20.6,0,21311.4,27.0,463.22
Van_16_Hybrid,Van,Hybrid,2010,0,0,23.4,0,20245.83,24.96,402.3
Van_17_Hybrid,Van,Hybrid,2009,0,0,22.4,0,19233.54,25.65,419.67
Van_18_Hybrid,Van,Hybrid,2008,0,0,22.5,0,18271.86,25.57,417.01
Van_19_Hybrid,Van,Hybrid,2007,0,0,22.2,0,17358.27,25.76,419.81
Van_0_PEV,Van,PEV,2026,1,1,30.0,520,50000.0,21.67,119.0
Van_1_PEV,Van,PEV,2025,1,1,30.0,520,47500.0,21.67,119.0
Van_2_PEV,Van,PEV,2024,1,1,30.0,520,45125.0,21.67,119.0
Van_3_PEV,Van,PEV,2023,1,1,30.0,520,42868.75,21.67,119.0
Van_4_PEV,Van,PEV,2022,1,1,30.0,520,40725.31,21.67,119.0
Van_5_PEV,Van,PEV,2021,1,1,30.0,520,38689.05,21.67,119.0
Van_6_PEV,Van,PEV,2020,1,1,30.0,520,36754.59,21.67,119.0
Van_7_PEV,Van,PEV,2019,1,1,30.0,520,34916.86,21.67,119.0
Van_8_PEV,Van,PEV,2018,1,1,32.0,570,33171.02,20.94,106.0
Van_9_PEV,Van,PEV,2017,1,1,32.0,570,31512.47,20.94,106.0
Van_10_PEV,Van,PEV,2016,0,0,23.8,0,29936.85,24.68,206.23
Van_11_PEV,Van,PEV,2015,0,0,21.7,0,28440.0,26.17,230.59
Van_12_PEV,Van,PEV,2014,0,0,20.8,0,27018.0,26.8,234.76
Van_13_PEV,Van,PEV,2013,0,0,21.0,0,25667.1,26.66,234.52
Van_14_PEV,Van,PEV,2012,0,0,20.4,0,24383.75,27.14,241.14
Van_15_PEV,Van,PEV,2011,0,0,20.0,0,23164.56,27.46,243.97
Van_16_PEV,Van,PEV,2010,0,0,22.8,0,22006.33,25.36,211.89
Van_17_PEV,Van,PEV,2009,0,0,21.8,0,20906.02,26.07,221.03
Van_18_PEV,Van,PEV,2008,0,0,21.9,0,19860.72,25.99,219.63
Van_19_PEV,Van,PEV,2007,0,0,21.6,0,18867.68,26.18,221.11
