OBJECTID,PSRCEdgeID,FREQUENCY,MIN_HOV_I,MIN_HOV_J,MIN_NewINode,MIN_NewJNode,MEAN_AADT,MIN_Oneway,MIN_ID
1,2390.000000000000000,1,0.000000000000000,0.000000000000000,81456.000000000000000,81459.000000000000000,36860.000000000000000,2.000000000000000,81.000000000000000
2,2477.000000000000000,1,0.000000000000000,0.000000000000000,81794.000000000000000,81796.000000000000000,20173.000000000000000,0.000000000000000,236.000000000000000
3,2543.000000000000000,1,195191.000000000000000,195192.000000000000000,85310.000000000000000,85104.000000000000000,16479.000000000000000,0.000000000000000,65.000000000000000
4,2556.000000000000000,1,194827.000000000000000,194828.000000000000000,86420.000000000000000,86571.000000000000000,12365.000000000000000,0.000000000000000,250.000000000000000
5,2581.000000000000000,1,0.000000000000000,0.000000000000000,85032.000000000000000,84920.000000000000000,15000.000000000000000,0.000000000000000,182.000000000000000
6,2614.000000000000000,1,0.000000000000000,0.000000000000000,86333.000000000000000,86438.000000000000000,21826.000000000000000,2.000000000000000,307.000000000000000
7,2616.000000000000000,1,0.000000000000000,0.000000000000000,85912.000000000000000,85794.000000000000000,3626.000000000000000,0.000000000000000,99.000000000000000
8,2654.000000000000000,1,0.000000000000000,0.000000000000000,87812.000000000000000,87888.000000000000000,12803.000000000000000,2.000000000000000,226.000000000000000
9,2658.000000000000000,1,0.000000000000000,0.000000000000000,88088.000000000000000,88525.000000000000000,27323.000000000000000,2.000000000000000,77.000000000000000
10,5119.000000000000000,1,0.000000000000000,0.000000000000000,73128.000000000000000,73124.000000000000000,30264.000000000000000,2.000000000000000,70.000000000000000
11,5461.000000000000000,1,0.000000000000000,0.000000000000000,184951.000000000000000,184950.000000000000000,38894.000000000000000,2.000000000000000,53.000000000000000
12,5507.000000000000000,1,0.000000000000000,0.000000000000000,67201.000000000000000,67220.000000000000000,20325.000000000000000,0.000000000000000,61.000000000000000
13,5510.000000000000000,1,194831.000000000000000,194832.000000000000000,67220.000000000000000,66829.000000000000000,15861.000000000000000,0.000000000000000,83.000000000000000
14,5579.000000000000000,1,0.000000000000000,0.000000000000000,69781.000000000000000,69824.000000000000000,14551.000000000000000,2.000000000000000,33.000000000000000
15,5891.000000000000000,1,0.000000000000000,0.000000000000000,83248.000000000000000,83257.000000000000000,21422.000000000000000,2.000000000000000,57.000000000000000
16,5903.000000000000000,1,0.000000000000000,0.000000000000000,83622.000000000000000,83785.000000000000000,5304.000000000000000,0.000000000000000,180.000000000000000
17,7774.000000000000000,1,0.000000000000000,0.000000000000000,184869.000000000000000,176043.000000000000000,8400.000000000000000,2.000000000000000,256.000000000000000
18,7992.000000000000000,1,0.000000000000000,0.000000000000000,150346.000000000000000,184971.000000000000000,14060.000000000000000,2.000000000000000,371.000000000000000
19,8036.000000000000000,1,0.000000000000000,0.000000000000000,152564.000000000000000,152378.000000000000000,24345.000000000000000,2.000000000000000,272.000000000000000
20,8879.000000000000000,1,0.000000000000000,0.000000000000000,83261.000000000000000,83406.000000000000000,7336.000000000000000,2.000000000000000,51.000000000000000
21,8891.000000000000000,1,0.000000000000000,0.000000000000000,83875.000000000000000,83738.000000000000000,7409.000000000000000,0.000000000000000,241.000000000000000
22,8897.000000000000000,1,0.000000000000000,0.000000000000000,85707.000000000000000,85794.000000000000000,21539.000000000000000,2.000000000000000,363.000000000000000
23,9021.000000000000000,1,0.000000000000000,0.000000000000000,99610.000000000000000,99705.000000000000000,14428.000000000000000,2.000000000000000,170.000000000000000
24,9411.000000000000000,1,0.000000000000000,0.000000000000000,14924.000000000000000,14922.000000000000000,28659.000000000000000,2.000000000000000,2.000000000000000
25,9477.000000000000000,1,195507.000000000000000,195400.000000000000000,85084.000000000000000,85295.000000000000000,14854.000000000000000,0.000000000000000,1.000000000000000
26,12622.000000000000000,1,0.000000000000000,0.000000000000000,53923.000000000000000,53916.000000000000000,15012.000000000000000,2.000000000000000,17.000000000000000
27,15530.000000000000000,1,0.000000000000000,0.000000000000000,57306.000000000000000,57139.000000000000000,9776.000000000000000,2.000000000000000,309.000000000000000
28,16046.000000000000000,1,0.000000000000000,0.000000000000000,58205.000000000000000,57820.000000000000000,19445.000000000000000,2.000000000000000,219.000000000000000
29,16361.000000000000000,2,0.000000000000000,0.000000000000000,57979.000000000000000,58372.000000000000000,14466.000000000000000,2.000000000000000,136.000000000000000
30,16410.000000000000000,1,0.000000000000000,0.000000000000000,58205.000000000000000,58223.000000000000000,11830.000000000000000,2.000000000000000,147.000000000000000
31,16943.000000000000000,1,0.000000000000000,0.000000000000000,58570.000000000000000,58731.000000000000000,11670.000000000000000,2.000000000000000,197.000000000000000
32,19767.000000000000000,1,0.000000000000000,0.000000000000000,61159.000000000000000,61140.000000000000000,11227.000000000000000,2.000000000000000,144.000000000000000
33,20101.000000000000000,1,0.000000000000000,0.000000000000000,61511.000000000000000,62225.000000000000000,23664.000000000000000,2.000000000000000,12.000000000000000
34,21281.000000000000000,1,0.000000000000000,0.000000000000000,63033.000000000000000,185741.000000000000000,31394.000000000000000,2.000000000000000,104.000000000000000
35,21283.000000000000000,1,0.000000000000000,0.000000000000000,63034.000000000000000,62883.000000000000000,30907.000000000000000,2.000000000000000,47.000000000000000
36,22596.000000000000000,1,0.000000000000000,0.000000000000000,64411.000000000000000,64556.000000000000000,19749.000000000000000,2.000000000000000,263.000000000000000
37,26549.000000000000000,1,0.000000000000000,0.000000000000000,67999.000000000000000,68005.000000000000000,17308.000000000000000,2.000000000000000,238.000000000000000
38,26791.000000000000000,1,0.000000000000000,0.000000000000000,68115.000000000000000,68218.000000000000000,9901.000000000000000,0.000000000000000,119.000000000000000
39,28483.000000000000000,1,0.000000000000000,0.000000000000000,69745.000000000000000,69749.000000000000000,16994.000000000000000,2.000000000000000,288.000000000000000
40,28691.000000000000000,1,0.000000000000000,0.000000000000000,69909.000000000000000,69710.000000000000000,5872.000000000000000,2.000000000000000,30.000000000000000
41,31015.000000000000000,1,0.000000000000000,0.000000000000000,72143.000000000000000,72162.000000000000000,24458.000000000000000,2.000000000000000,214.000000000000000
42,31025.000000000000000,1,0.000000000000000,0.000000000000000,72168.000000000000000,72174.000000000000000,20503.000000000000000,2.000000000000000,176.000000000000000
43,31455.000000000000000,1,0.000000000000000,0.000000000000000,72143.000000000000000,72134.000000000000000,23784.000000000000000,2.000000000000000,59.000000000000000
44,32586.000000000000000,1,0.000000000000000,0.000000000000000,73098.000000000000000,73108.000000000000000,32124.000000000000000,2.000000000000000,120.000000000000000
45,32950.000000000000000,1,0.000000000000000,0.000000000000000,73380.000000000000000,73413.000000000000000,5009.000000000000000,2.000000000000000,247.000000000000000
46,33099.000000000000000,1,0.000000000000000,0.000000000000000,74035.000000000000000,74041.000000000000000,4349.000000000000000,2.000000000000000,161.000000000000000
47,33378.000000000000000,1,0.000000000000000,0.000000000000000,74313.000000000000000,74513.000000000000000,15696.000000000000000,2.000000000000000,25.000000000000000
48,34530.000000000000000,1,0.000000000000000,0.000000000000000,75563.000000000000000,75432.000000000000000,17314.000000000000000,2.000000000000000,349.000000000000000
49,34805.000000000000000,1,194993.000000000000000,194994.000000000000000,75646.000000000000000,75423.000000000000000,16373.000000000000000,2.000000000000000,113.000000000000000
50,39867.000000000000000,1,0.000000000000000,0.000000000000000,81487.000000000000000,81481.000000000000000,12403.000000000000000,0.000000000000000,244.000000000000000
51,39872.000000000000000,1,0.000000000000000,0.000000000000000,81509.000000000000000,81493.000000000000000,7253.000000000000000,0.000000000000000,154.000000000000000
52,40428.000000000000000,1,0.000000000000000,0.000000000000000,81783.000000000000000,81789.000000000000000,19442.000000000000000,2.000000000000000,132.000000000000000
53,40735.000000000000000,1,0.000000000000000,0.000000000000000,82322.000000000000000,82313.000000000000000,8884.000000000000000,0.000000000000000,95.000000000000000
54,41208.000000000000000,1,0.000000000000000,0.000000000000000,83139.000000000000000,82866.000000000000000,11356.000000000000000,2.000000000000000,26.000000000000000
55,41249.000000000000000,1,0.000000000000000,0.000000000000000,82910.000000000000000,82938.000000000000000,16916.000000000000000,2.000000000000000,79.000000000000000
56,41475.000000000000000,1,0.000000000000000,0.000000000000000,82989.000000000000000,83132.000000000000000,16490.000000000000000,2.000000000000000,48.000000000000000
57,41518.000000000000000,1,0.000000000000000,0.000000000000000,83190.000000000000000,83201.000000000000000,29896.000000000000000,2.000000000000000,173.000000000000000
58,41849.000000000000000,1,0.000000000000000,0.000000000000000,83323.000000000000000,83534.000000000000000,2126.000000000000000,2.000000000000000,13.000000000000000
59,41878.000000000000000,1,0.000000000000000,0.000000000000000,82600.000000000000000,83450.000000000000000,36650.000000000000000,2.000000000000000,257.000000000000000
60,41971.000000000000000,1,0.000000000000000,0.000000000000000,83425.000000000000000,83629.000000000000000,12406.000000000000000,2.000000000000000,92.000000000000000
61,41985.000000000000000,1,0.000000000000000,0.000000000000000,83789.000000000000000,83485.000000000000000,13696.000000000000000,2.000000000000000,255.000000000000000
62,42856.000000000000000,1,0.000000000000000,0.000000000000000,83878.000000000000000,83883.000000000000000,20511.000000000000000,2.000000000000000,15.000000000000000
63,42893.000000000000000,1,0.000000000000000,0.000000000000000,84437.000000000000000,84533.000000000000000,11176.000000000000000,2.000000000000000,128.000000000000000
64,43962.000000000000000,1,0.000000000000000,0.000000000000000,85991.000000000000000,86082.000000000000000,26162.000000000000000,2.000000000000000,316.000000000000000
65,44595.000000000000000,1,0.000000000000000,0.000000000000000,86616.000000000000000,86768.000000000000000,5557.000000000000000,2.000000000000000,298.000000000000000
66,44927.000000000000000,1,0.000000000000000,0.000000000000000,86901.000000000000000,87184.000000000000000,15110.000000000000000,2.000000000000000,325.000000000000000
67,44978.000000000000000,1,0.000000000000000,0.000000000000000,87230.000000000000000,87032.000000000000000,16642.000000000000000,2.000000000000000,89.000000000000000
68,45046.000000000000000,1,0.000000000000000,0.000000000000000,87335.000000000000000,87333.000000000000000,7327.000000000000000,2.000000000000000,248.000000000000000
69,46284.000000000000000,1,0.000000000000000,0.000000000000000,88553.000000000000000,88914.000000000000000,5037.000000000000000,0.000000000000000,121.000000000000000
70,47195.000000000000000,1,0.000000000000000,0.000000000000000,90109.000000000000000,90113.000000000000000,645.000000000000000,2.000000000000000,78.000000000000000
71,49671.000000000000000,1,0.000000000000000,0.000000000000000,93349.000000000000000,92920.000000000000000,24049.000000000000000,2.000000000000000,35.000000000000000
72,50761.000000000000000,1,0.000000000000000,0.000000000000000,94035.000000000000000,94727.000000000000000,17253.000000000000000,2.000000000000000,200.000000000000000
73,51442.000000000000000,1,0.000000000000000,0.000000000000000,94775.000000000000000,95680.000000000000000,18112.000000000000000,2.000000000000000,105.000000000000000
74,51938.000000000000000,1,0.000000000000000,0.000000000000000,95649.000000000000000,95798.000000000000000,23668.000000000000000,2.000000000000000,239.000000000000000
75,53077.000000000000000,1,0.000000000000000,0.000000000000000,96460.000000000000000,96898.000000000000000,14458.000000000000000,2.000000000000000,135.000000000000000
76,53178.000000000000000,1,0.000000000000000,0.000000000000000,96813.000000000000000,96606.000000000000000,9492.000000000000000,2.000000000000000,31.000000000000000
77,56133.000000000000000,1,0.000000000000000,0.000000000000000,99943.000000000000000,99605.000000000000000,13263.000000000000000,2.000000000000000,96.000000000000000
78,56493.000000000000000,1,0.000000000000000,0.000000000000000,100481.000000000000000,99869.000000000000000,8759.000000000000000,2.000000000000000,22.000000000000000
79,56514.000000000000000,1,0.000000000000000,0.000000000000000,99589.000000000000000,99803.000000000000000,33092.000000000000000,2.000000000000000,249.000000000000000
80,58221.000000000000000,1,0.000000000000000,0.000000000000000,102161.000000000000000,102392.000000000000000,16473.000000000000000,2.000000000000000,177.000000000000000
81,60026.000000000000000,1,0.000000000000000,0.000000000000000,104157.000000000000000,104347.000000000000000,13167.000000000000000,2.000000000000000,174.000000000000000
82,60493.000000000000000,1,0.000000000000000,0.000000000000000,104812.000000000000000,104806.000000000000000,9790.000000000000000,2.000000000000000,165.000000000000000
83,60787.000000000000000,1,0.000000000000000,0.000000000000000,104931.000000000000000,105168.000000000000000,13514.000000000000000,2.000000000000000,169.000000000000000
84,60880.000000000000000,1,0.000000000000000,0.000000000000000,105375.000000000000000,105176.000000000000000,12946.000000000000000,2.000000000000000,258.000000000000000
85,61251.000000000000000,2,0.000000000000000,0.000000000000000,105738.000000000000000,105730.000000000000000,24092.000000000000000,2.000000000000000,84.000000000000000
86,63092.000000000000000,1,0.000000000000000,0.000000000000000,107571.000000000000000,106409.000000000000000,12483.000000000000000,2.000000000000000,34.000000000000000
87,63463.000000000000000,1,0.000000000000000,0.000000000000000,108150.000000000000000,107803.000000000000000,14126.000000000000000,2.000000000000000,108.000000000000000
88,63787.000000000000000,1,0.000000000000000,0.000000000000000,108176.000000000000000,108464.000000000000000,8693.000000000000000,2.000000000000000,42.000000000000000
89,63820.000000000000000,1,0.000000000000000,0.000000000000000,108493.000000000000000,108803.000000000000000,16736.000000000000000,2.000000000000000,8.000000000000000
90,63928.000000000000000,1,0.000000000000000,0.000000000000000,108464.000000000000000,108780.000000000000000,8693.000000000000000,2.000000000000000,205.000000000000000
91,65883.000000000000000,1,0.000000000000000,0.000000000000000,110266.000000000000000,110280.000000000000000,3721.000000000000000,2.000000000000000,159.000000000000000
92,66430.000000000000000,1,0.000000000000000,0.000000000000000,111237.000000000000000,110938.000000000000000,7314.000000000000000,0.000000000000000,139.000000000000000
93,66660.000000000000000,1,0.000000000000000,0.000000000000000,111285.000000000000000,111470.000000000000000,44366.000000000000000,2.000000000000000,38.000000000000000
94,66741.000000000000000,1,0.000000000000000,0.000000000000000,111463.000000000000000,111457.000000000000000,39960.000000000000000,2.000000000000000,235.000000000000000
95,66864.000000000000000,1,0.000000000000000,0.000000000000000,111108.000000000000000,111093.000000000000000,15087.000000000000000,2.000000000000000,243.000000000000000
96,68717.000000000000000,1,0.000000000000000,0.000000000000000,113629.000000000000000,113631.000000000000000,9874.000000000000000,2.000000000000000,213.000000000000000
97,69373.000000000000000,1,0.000000000000000,0.000000000000000,114466.000000000000000,114324.000000000000000,24651.000000000000000,2.000000000000000,142.000000000000000
98,76043.000000000000000,1,0.000000000000000,0.000000000000000,121555.000000000000000,121198.000000000000000,27470.000000000000000,2.000000000000000,27.000000000000000
99,76607.000000000000000,1,0.000000000000000,0.000000000000000,121453.000000000000000,121848.000000000000000,24251.000000000000000,2.000000000000000,183.000000000000000
100,84349.000000000000000,2,0.000000000000000,0.000000000000000,131184.000000000000000,131167.000000000000000,23678.000000000000000,2.000000000000000,62.000000000000000
101,85134.000000000000000,1,0.000000000000000,0.000000000000000,132046.000000000000000,132050.000000000000000,23184.000000000000000,2.000000000000000,85.000000000000000
102,94009.000000000000000,1,195295.000000000000000,195536.000000000000000,143225.000000000000000,143243.000000000000000,37189.000000000000000,2.000000000000000,160.000000000000000
103,100246.000000000000000,1,0.000000000000000,0.000000000000000,75175.000000000000000,75406.000000000000000,17199.000000000000000,2.000000000000000,172.000000000000000
104,110476.000000000000000,1,0.000000000000000,0.000000000000000,87245.000000000000000,87221.000000000000000,4746.000000000000000,2.000000000000000,320.000000000000000
105,110511.000000000000000,1,0.000000000000000,0.000000000000000,73628.000000000000000,73609.000000000000000,12404.000000000000000,2.000000000000000,202.000000000000000
106,110528.000000000000000,1,0.000000000000000,0.000000000000000,74386.000000000000000,74425.000000000000000,18321.000000000000000,2.000000000000000,191.000000000000000
107,113620.000000000000000,1,0.000000000000000,0.000000000000000,175740.000000000000000,175033.000000000000000,34506.000000000000000,2.000000000000000,237.000000000000000
108,119982.000000000000000,1,0.000000000000000,0.000000000000000,149626.000000000000000,150320.000000000000000,11215.000000000000000,2.000000000000000,82.000000000000000
109,121469.000000000000000,1,0.000000000000000,0.000000000000000,173735.000000000000000,173623.000000000000000,8400.000000000000000,2.000000000000000,32.000000000000000
110,127795.000000000000000,1,0.000000000000000,0.000000000000000,152063.000000000000000,152014.000000000000000,10160.000000000000000,0.000000000000000,365.000000000000000
111,129281.000000000000000,2,0.000000000000000,0.000000000000000,157631.000000000000000,157468.000000000000000,7380.000000000000000,2.000000000000000,52.000000000000000
112,130146.000000000000000,1,0.000000000000000,0.000000000000000,150948.000000000000000,150936.000000000000000,7728.000000000000000,2.000000000000000,340.000000000000000
113,130178.000000000000000,1,0.000000000000000,0.000000000000000,151194.000000000000000,151219.000000000000000,18211.000000000000000,2.000000000000000,321.000000000000000
114,130310.000000000000000,1,0.000000000000000,0.000000000000000,149840.000000000000000,149802.000000000000000,4748.000000000000000,2.000000000000000,303.000000000000000
115,130312.000000000000000,2,0.000000000000000,0.000000000000000,149968.000000000000000,149840.000000000000000,5367.000000000000000,2.000000000000000,279.000000000000000
116,130396.000000000000000,1,0.000000000000000,0.000000000000000,149862.000000000000000,149835.000000000000000,3067.000000000000000,2.000000000000000,331.000000000000000
117,130424.000000000000000,1,0.000000000000000,0.000000000000000,149901.000000000000000,149664.000000000000000,3292.000000000000000,0.000000000000000,283.000000000000000
118,130442.000000000000000,1,0.000000000000000,0.000000000000000,149795.000000000000000,149776.000000000000000,4696.000000000000000,2.000000000000000,322.000000000000000
119,131049.000000000000000,1,0.000000000000000,0.000000000000000,146741.000000000000000,146868.000000000000000,13838.000000000000000,2.000000000000000,364.000000000000000
120,131231.000000000000000,1,0.000000000000000,0.000000000000000,149528.000000000000000,149316.000000000000000,8082.000000000000000,0.000000000000000,317.000000000000000
121,131283.000000000000000,1,0.000000000000000,0.000000000000000,149357.000000000000000,148847.000000000000000,11502.000000000000000,2.000000000000000,290.000000000000000
122,131287.000000000000000,1,0.000000000000000,0.000000000000000,149548.000000000000000,149357.000000000000000,11885.000000000000000,2.000000000000000,266.000000000000000
123,131292.000000000000000,1,0.000000000000000,0.000000000000000,149548.000000000000000,149896.000000000000000,12112.000000000000000,2.000000000000000,275.000000000000000
124,131579.000000000000000,1,0.000000000000000,0.000000000000000,151253.000000000000000,151245.000000000000000,19514.000000000000000,2.000000000000000,343.000000000000000
125,131871.000000000000000,1,0.000000000000000,0.000000000000000,149796.000000000000000,149247.000000000000000,11007.000000000000000,2.000000000000000,355.000000000000000
126,135161.000000000000000,1,0.000000000000000,0.000000000000000,151091.000000000000000,151096.000000000000000,13286.000000000000000,2.000000000000000,362.000000000000000
127,136735.000000000000000,1,0.000000000000000,0.000000000000000,163555.000000000000000,163273.000000000000000,1718.000000000000000,2.000000000000000,314.000000000000000
128,136852.000000000000000,1,0.000000000000000,0.000000000000000,160224.000000000000000,160206.000000000000000,24539.000000000000000,2.000000000000000,358.000000000000000
129,136859.000000000000000,1,0.000000000000000,0.000000000000000,165522.000000000000000,165148.000000000000000,24081.000000000000000,2.000000000000000,367.000000000000000
130,136879.000000000000000,1,0.000000000000000,0.000000000000000,160245.000000000000000,160230.000000000000000,24316.000000000000000,2.000000000000000,352.000000000000000
131,137685.000000000000000,1,0.000000000000000,0.000000000000000,155775.000000000000000,156393.000000000000000,12798.000000000000000,2.000000000000000,372.000000000000000
132,137948.000000000000000,2,0.000000000000000,0.000000000000000,156902.000000000000000,156914.000000000000000,13814.000000000000000,2.000000000000000,274.000000000000000
133,140567.000000000000000,1,0.000000000000000,0.000000000000000,164210.000000000000000,164619.000000000000000,14583.000000000000000,2.000000000000000,262.000000000000000
134,144143.000000000000000,1,0.000000000000000,0.000000000000000,137215.000000000000000,138161.000000000000000,6350.000000000000000,2.000000000000000,276.000000000000000
135,144305.000000000000000,2,0.000000000000000,0.000000000000000,134723.000000000000000,134530.000000000000000,2623.500000000000000,2.000000000000000,67.000000000000000
136,148283.000000000000000,1,0.000000000000000,0.000000000000000,157636.000000000000000,158364.000000000000000,20291.000000000000000,2.000000000000000,359.000000000000000
137,148717.000000000000000,1,0.000000000000000,0.000000000000000,165874.000000000000000,165534.000000000000000,17396.000000000000000,2.000000000000000,218.000000000000000
138,150041.000000000000000,1,0.000000000000000,0.000000000000000,167704.000000000000000,167691.000000000000000,16126.000000000000000,2.000000000000000,302.000000000000000
139,150239.000000000000000,2,0.000000000000000,0.000000000000000,167092.000000000000000,167117.000000000000000,12404.000000000000000,2.000000000000000,151.000000000000000
140,150651.000000000000000,2,0.000000000000000,0.000000000000000,156683.000000000000000,155005.000000000000000,15623.000000000000000,2.000000000000000,264.000000000000000
141,151206.000000000000000,1,0.000000000000000,0.000000000000000,166224.000000000000000,165633.000000000000000,22040.000000000000000,2.000000000000000,297.000000000000000
142,151953.000000000000000,1,0.000000000000000,0.000000000000000,167086.000000000000000,167092.000000000000000,12942.000000000000000,2.000000000000000,348.000000000000000
143,153154.000000000000000,1,0.000000000000000,0.000000000000000,165551.000000000000000,165801.000000000000000,6578.000000000000000,2.000000000000000,103.000000000000000
144,154181.000000000000000,1,0.000000000000000,0.000000000000000,168193.000000000000000,168261.000000000000000,18025.000000000000000,2.000000000000000,350.000000000000000
145,169834.000000000000000,1,0.000000000000000,0.000000000000000,22726.000000000000000,22728.000000000000000,23774.000000000000000,2.000000000000000,370.000000000000000
146,180711.000000000000000,2,0.000000000000000,0.000000000000000,36821.000000000000000,36810.000000000000000,20948.000000000000000,2.000000000000000,18.000000000000000
147,180792.000000000000000,1,0.000000000000000,0.000000000000000,36821.000000000000000,36840.000000000000000,20763.000000000000000,2.000000000000000,118.000000000000000
148,192941.000000000000000,1,0.000000000000000,0.000000000000000,8361.000000000000000,8320.000000000000000,3642.000000000000000,2.000000000000000,329.000000000000000
149,193110.000000000000000,2,0.000000000000000,0.000000000000000,26769.000000000000000,26998.000000000000000,24861.000000000000000,2.000000000000000,338.000000000000000
150,200300.000000000000000,1,0.000000000000000,0.000000000000000,175160.000000000000000,186704.000000000000000,20176.000000000000000,2.000000000000000,101.000000000000000
151,200692.000000000000000,1,0.000000000000000,0.000000000000000,82586.000000000000000,82313.000000000000000,15774.000000000000000,2.000000000000000,130.000000000000000
152,200699.000000000000000,1,0.000000000000000,0.000000000000000,82903.000000000000000,82622.000000000000000,5241.000000000000000,2.000000000000000,181.000000000000000
153,200733.000000000000000,1,0.000000000000000,0.000000000000000,83607.000000000000000,83679.000000000000000,12286.000000000000000,2.000000000000000,190.000000000000000
154,200801.000000000000000,1,0.000000000000000,0.000000000000000,85224.000000000000000,85310.000000000000000,14712.000000000000000,0.000000000000000,164.000000000000000
155,200817.000000000000000,1,0.000000000000000,0.000000000000000,86562.000000000000000,86693.000000000000000,12175.000000000000000,2.000000000000000,168.000000000000000
156,200829.000000000000000,1,0.000000000000000,0.000000000000000,87335.000000000000000,87337.000000000000000,10384.000000000000000,2.000000000000000,178.000000000000000
157,200856.000000000000000,1,0.000000000000000,0.000000000000000,87930.000000000000000,87931.000000000000000,11079.000000000000000,2.000000000000000,162.000000000000000
158,201305.000000000000000,1,0.000000000000000,0.000000000000000,175553.000000000000000,175540.000000000000000,18259.000000000000000,2.000000000000000,201.000000000000000
159,201543.000000000000000,1,0.000000000000000,0.000000000000000,14951.000000000000000,15260.000000000000000,24219.000000000000000,2.000000000000000,369.000000000000000
160,201775.000000000000000,1,0.000000000000000,0.000000000000000,15326.000000000000000,16882.000000000000000,8286.000000000000000,2.000000000000000,217.000000000000000
161,201796.000000000000000,1,0.000000000000000,0.000000000000000,144444.000000000000000,144439.000000000000000,17636.000000000000000,2.000000000000000,267.000000000000000
162,202059.000000000000000,1,0.000000000000000,0.000000000000000,53615.000000000000000,53426.000000000000000,12841.000000000000000,2.000000000000000,311.000000000000000
163,202234.000000000000000,1,0.000000000000000,0.000000000000000,56258.000000000000000,56767.000000000000000,4887.000000000000000,0.000000000000000,277.000000000000000
164,202420.000000000000000,1,0.000000000000000,0.000000000000000,61135.000000000000000,61130.000000000000000,10023.000000000000000,2.000000000000000,211.000000000000000
165,202525.000000000000000,1,0.000000000000000,0.000000000000000,63014.000000000000000,62659.000000000000000,11756.000000000000000,2.000000000000000,251.000000000000000
166,202553.000000000000000,1,0.000000000000000,0.000000000000000,63013.000000000000000,63004.000000000000000,16268.000000000000000,2.000000000000000,308.000000000000000
167,202559.000000000000000,1,0.000000000000000,0.000000000000000,63017.000000000000000,185740.000000000000000,39722.000000000000000,2.000000000000000,155.000000000000000
168,202710.000000000000000,1,0.000000000000000,0.000000000000000,66294.000000000000000,65922.000000000000000,29350.000000000000000,2.000000000000000,209.000000000000000
169,202805.000000000000000,1,0.000000000000000,0.000000000000000,67592.000000000000000,67982.000000000000000,16730.000000000000000,2.000000000000000,134.000000000000000
170,202834.000000000000000,1,0.000000000000000,0.000000000000000,67605.000000000000000,68017.000000000000000,3449.000000000000000,0.000000000000000,188.000000000000000
171,202837.000000000000000,1,0.000000000000000,0.000000000000000,68025.000000000000000,67633.000000000000000,2590.000000000000000,0.000000000000000,186.000000000000000
172,203029.000000000000000,1,0.000000000000000,0.000000000000000,70308.000000000000000,198763.000000000000000,6709.000000000000000,2.000000000000000,268.000000000000000
173,203217.000000000000000,1,0.000000000000000,0.000000000000000,72184.000000000000000,72189.000000000000000,18048.000000000000000,2.000000000000000,21.000000000000000
174,203222.000000000000000,1,0.000000000000000,0.000000000000000,72195.000000000000000,72205.000000000000000,13222.000000000000000,2.000000000000000,123.000000000000000
175,203290.000000000000000,1,0.000000000000000,0.000000000000000,73132.000000000000000,73135.000000000000000,28267.000000000000000,2.000000000000000,225.000000000000000
176,203351.000000000000000,1,0.000000000000000,0.000000000000000,74199.000000000000000,74190.000000000000000,1880.000000000000000,2.000000000000000,9.000000000000000
177,203373.000000000000000,1,0.000000000000000,0.000000000000000,74228.000000000000000,74350.000000000000000,12037.000000000000000,2.000000000000000,185.000000000000000
178,203449.000000000000000,1,0.000000000000000,0.000000000000000,75003.000000000000000,74556.000000000000000,10696.000000000000000,2.000000000000000,94.000000000000000
179,203501.000000000000000,1,0.000000000000000,0.000000000000000,75907.000000000000000,75855.000000000000000,24951.000000000000000,2.000000000000000,353.000000000000000
180,203554.000000000000000,2,0.000000000000000,0.000000000000000,77448.000000000000000,76240.000000000000000,14288.000000000000000,2.000000000000000,295.000000000000000
181,203707.000000000000000,1,0.000000000000000,0.000000000000000,80602.000000000000000,80333.000000000000000,13419.000000000000000,2.000000000000000,259.000000000000000
182,203758.000000000000000,1,0.000000000000000,0.000000000000000,81475.000000000000000,81726.000000000000000,14006.000000000000000,0.000000000000000,4.000000000000000
183,203769.000000000000000,1,0.000000000000000,0.000000000000000,81104.000000000000000,81550.000000000000000,10739.000000000000000,0.000000000000000,233.000000000000000
184,203789.000000000000000,1,0.000000000000000,0.000000000000000,81758.000000000000000,82072.000000000000000,16083.000000000000000,2.000000000000000,74.000000000000000
185,203880.000000000000000,1,0.000000000000000,0.000000000000000,82726.000000000000000,83092.000000000000000,32795.000000000000000,2.000000000000000,115.000000000000000
186,203894.000000000000000,1,0.000000000000000,0.000000000000000,83102.000000000000000,83109.000000000000000,27372.000000000000000,2.000000000000000,68.000000000000000
187,203898.000000000000000,1,0.000000000000000,0.000000000000000,83121.000000000000000,83126.000000000000000,27129.000000000000000,2.000000000000000,19.000000000000000
188,203913.000000000000000,1,0.000000000000000,0.000000000000000,83448.000000000000000,83159.000000000000000,6650.000000000000000,0.000000000000000,24.000000000000000
189,203931.000000000000000,1,0.000000000000000,0.000000000000000,83238.000000000000000,83299.000000000000000,17165.000000000000000,0.000000000000000,204.000000000000000
190,203933.000000000000000,1,0.000000000000000,0.000000000000000,83228.000000000000000,83218.000000000000000,21872.000000000000000,2.000000000000000,107.000000000000000
191,203935.000000000000000,1,0.000000000000000,0.000000000000000,83238.000000000000000,83261.000000000000000,22814.000000000000000,2.000000000000000,212.000000000000000
192,203937.000000000000000,1,0.000000000000000,0.000000000000000,83264.000000000000000,83435.000000000000000,10384.000000000000000,2.000000000000000,137.000000000000000
193,203940.000000000000000,1,0.000000000000000,0.000000000000000,83264.000000000000000,83257.000000000000000,17983.000000000000000,2.000000000000000,158.000000000000000
194,203954.000000000000000,1,0.000000000000000,0.000000000000000,83310.000000000000000,83473.000000000000000,5769.000000000000000,0.000000000000000,149.000000000000000
195,203960.000000000000000,1,0.000000000000000,0.000000000000000,83230.000000000000000,83389.000000000000000,12831.000000000000000,2.000000000000000,6.000000000000000
196,203967.000000000000000,1,0.000000000000000,0.000000000000000,83624.000000000000000,83420.000000000000000,12525.000000000000000,2.000000000000000,194.000000000000000
197,203968.000000000000000,1,0.000000000000000,0.000000000000000,83624.000000000000000,83747.000000000000000,11026.000000000000000,0.000000000000000,242.000000000000000
198,203979.000000000000000,1,0.000000000000000,0.000000000000000,83566.000000000000000,83690.000000000000000,11405.000000000000000,2.000000000000000,110.000000000000000
199,203997.000000000000000,1,0.000000000000000,0.000000000000000,83634.000000000000000,83771.000000000000000,4214.000000000000000,0.000000000000000,43.000000000000000
200,204004.000000000000000,1,0.000000000000000,0.000000000000000,83874.000000000000000,83690.000000000000000,12184.000000000000000,2.000000000000000,215.000000000000000
201,204007.000000000000000,1,0.000000000000000,0.000000000000000,83874.000000000000000,83959.000000000000000,8858.000000000000000,2.000000000000000,3.000000000000000
202,204014.000000000000000,1,0.000000000000000,0.000000000000000,83897.000000000000000,83886.000000000000000,19649.000000000000000,2.000000000000000,117.000000000000000
203,204037.000000000000000,1,0.000000000000000,0.000000000000000,83939.000000000000000,184243.000000000000000,44857.000000000000000,2.000000000000000,222.000000000000000
204,204080.000000000000000,1,0.000000000000000,0.000000000000000,83916.000000000000000,84078.000000000000000,8797.000000000000000,0.000000000000000,192.000000000000000
205,204098.000000000000000,1,0.000000000000000,0.000000000000000,84078.000000000000000,84223.000000000000000,11518.000000000000000,0.000000000000000,37.000000000000000
206,204100.000000000000000,1,0.000000000000000,0.000000000000000,84223.000000000000000,84367.000000000000000,9855.000000000000000,0.000000000000000,87.000000000000000
207,204107.000000000000000,1,194902.000000000000000,195573.000000000000000,84273.000000000000000,84117.000000000000000,5962.000000000000000,0.000000000000000,102.000000000000000
208,204109.000000000000000,1,194902.000000000000000,195193.000000000000000,84273.000000000000000,84191.000000000000000,8370.000000000000000,0.000000000000000,234.000000000000000
209,204118.000000000000000,1,0.000000000000000,0.000000000000000,84293.000000000000000,84248.000000000000000,6428.000000000000000,2.000000000000000,72.000000000000000
210,204138.000000000000000,1,194903.000000000000000,194901.000000000000000,84482.000000000000000,84377.000000000000000,10888.000000000000000,0.000000000000000,166.000000000000000
211,204157.000000000000000,2,0.000000000000000,0.000000000000000,84450.000000000000000,84522.000000000000000,6510.500000000000000,0.000000000000000,129.000000000000000
212,204172.000000000000000,1,0.000000000000000,0.000000000000000,84607.000000000000000,84818.000000000000000,9189.000000000000000,0.000000000000000,140.000000000000000
213,204176.000000000000000,1,0.000000000000000,0.000000000000000,84669.000000000000000,84589.000000000000000,6074.000000000000000,0.000000000000000,86.000000000000000
214,204193.000000000000000,1,0.000000000000000,0.000000000000000,84649.000000000000000,84734.000000000000000,8576.000000000000000,0.000000000000000,49.000000000000000
215,204226.000000000000000,1,195308.000000000000000,195507.000000000000000,84953.000000000000000,85084.000000000000000,13003.000000000000000,0.000000000000000,10.000000000000000
216,204228.000000000000000,1,0.000000000000000,0.000000000000000,185766.000000000000000,85011.000000000000000,5518.000000000000000,0.000000000000000,228.000000000000000
217,204249.000000000000000,1,0.000000000000000,0.000000000000000,85203.000000000000000,185765.000000000000000,6809.000000000000000,0.000000000000000,232.000000000000000
218,204273.000000000000000,1,195267.000000000000000,195191.000000000000000,85514.000000000000000,85310.000000000000000,14716.000000000000000,0.000000000000000,116.000000000000000
219,204296.000000000000000,1,0.000000000000000,0.000000000000000,85592.000000000000000,85502.000000000000000,19220.000000000000000,2.000000000000000,374.000000000000000
220,204313.000000000000000,1,0.000000000000000,0.000000000000000,85773.000000000000000,85609.000000000000000,4965.000000000000000,2.000000000000000,220.000000000000000
221,204323.000000000000000,1,0.000000000000000,0.000000000000000,85794.000000000000000,85875.000000000000000,8914.000000000000000,0.000000000000000,366.000000000000000
222,204330.000000000000000,1,0.000000000000000,0.000000000000000,85929.000000000000000,85855.000000000000000,5452.000000000000000,2.000000000000000,64.000000000000000
223,204348.000000000000000,1,0.000000000000000,0.000000000000000,85948.000000000000000,86046.000000000000000,6895.000000000000000,0.000000000000000,195.000000000000000
224,204374.000000000000000,1,194906.000000000000000,194907.000000000000000,86225.000000000000000,86093.000000000000000,6884.000000000000000,0.000000000000000,361.000000000000000
225,204402.000000000000000,1,194827.000000000000000,195681.000000000000000,86420.000000000000000,86507.000000000000000,8259.000000000000000,0.000000000000000,341.000000000000000
226,204470.000000000000000,1,195180.000000000000000,195633.000000000000000,87001.000000000000000,87170.000000000000000,8998.000000000000000,0.000000000000000,125.000000000000000
227,204489.000000000000000,1,0.000000000000000,0.000000000000000,87341.000000000000000,87485.000000000000000,10553.000000000000000,2.000000000000000,163.000000000000000
228,204493.000000000000000,1,0.000000000000000,0.000000000000000,87342.000000000000000,87345.000000000000000,13395.000000000000000,2.000000000000000,199.000000000000000
229,204547.000000000000000,1,0.000000000000000,0.000000000000000,87812.000000000000000,88180.000000000000000,28865.000000000000000,2.000000000000000,14.000000000000000
230,204716.000000000000000,1,0.000000000000000,0.000000000000000,90559.000000000000000,90564.000000000000000,500.000000000000000,2.000000000000000,73.000000000000000
231,205109.000000000000000,1,0.000000000000000,0.000000000000000,95807.000000000000000,95539.000000000000000,16449.000000000000000,2.000000000000000,5.000000000000000
232,205255.000000000000000,1,0.000000000000000,0.000000000000000,99589.000000000000000,99630.000000000000000,22549.000000000000000,2.000000000000000,196.000000000000000
233,205265.000000000000000,2,0.000000000000000,0.000000000000000,99947.000000000000000,99840.000000000000000,702.500000000000000,2.000000000000000,41.000000000000000
234,205269.000000000000000,1,0.000000000000000,0.000000000000000,99947.000000000000000,99737.000000000000000,1049.000000000000000,0.000000000000000,93.000000000000000
235,205270.000000000000000,1,0.000000000000000,0.000000000000000,99737.000000000000000,99869.000000000000000,11535.000000000000000,2.000000000000000,124.000000000000000
236,205287.000000000000000,1,0.000000000000000,0.000000000000000,100212.000000000000000,99907.000000000000000,10118.000000000000000,2.000000000000000,71.000000000000000
237,205595.000000000000000,1,0.000000000000000,0.000000000000000,105168.000000000000000,105308.000000000000000,13514.000000000000000,2.000000000000000,114.000000000000000
238,205628.000000000000000,1,0.000000000000000,0.000000000000000,105440.000000000000000,105683.000000000000000,7621.000000000000000,2.000000000000000,210.000000000000000
239,205629.000000000000000,1,0.000000000000000,0.000000000000000,105686.000000000000000,105683.000000000000000,10385.000000000000000,2.000000000000000,254.000000000000000
240,205667.000000000000000,1,0.000000000000000,0.000000000000000,106061.000000000000000,106178.000000000000000,7642.000000000000000,2.000000000000000,11.000000000000000
241,205673.000000000000000,1,0.000000000000000,0.000000000000000,106408.000000000000000,106178.000000000000000,7642.000000000000000,2.000000000000000,100.000000000000000
242,205891.000000000000000,1,0.000000000000000,0.000000000000000,109259.000000000000000,109879.000000000000000,13101.000000000000000,2.000000000000000,76.000000000000000
243,206034.000000000000000,1,0.000000000000000,0.000000000000000,111168.000000000000000,111127.000000000000000,7593.000000000000000,0.000000000000000,88.000000000000000
244,206048.000000000000000,1,0.000000000000000,0.000000000000000,111285.000000000000000,111237.000000000000000,10928.000000000000000,2.000000000000000,193.000000000000000
245,206398.000000000000000,1,0.000000000000000,0.000000000000000,114748.000000000000000,114593.000000000000000,22594.000000000000000,2.000000000000000,245.000000000000000
246,206617.000000000000000,1,0.000000000000000,0.000000000000000,117554.000000000000000,117647.000000000000000,28298.000000000000000,2.000000000000000,227.000000000000000
247,207367.000000000000000,1,0.000000000000000,0.000000000000000,138250.000000000000000,138414.000000000000000,15670.000000000000000,2.000000000000000,179.000000000000000
248,207392.000000000000000,1,0.000000000000000,0.000000000000000,138250.000000000000000,138234.000000000000000,29448.000000000000000,2.000000000000000,127.000000000000000
249,207630.000000000000000,1,0.000000000000000,0.000000000000000,144470.000000000000000,144446.000000000000000,19745.000000000000000,2.000000000000000,112.000000000000000
250,207974.000000000000000,1,0.000000000000000,0.000000000000000,100106.000000000000000,100523.000000000000000,15623.000000000000000,2.000000000000000,292.000000000000000
251,207975.000000000000000,2,0.000000000000000,0.000000000000000,140780.000000000000000,140761.000000000000000,17625.000000000000000,2.000000000000000,146.000000000000000
252,208062.000000000000000,1,0.000000000000000,0.000000000000000,92653.000000000000000,92640.000000000000000,24231.000000000000000,2.000000000000000,324.000000000000000
253,208242.000000000000000,1,0.000000000000000,0.000000000000000,92543.000000000000000,92718.000000000000000,20074.000000000000000,2.000000000000000,328.000000000000000
254,208349.000000000000000,1,0.000000000000000,0.000000000000000,104114.000000000000000,104522.000000000000000,14343.000000000000000,2.000000000000000,109.000000000000000
255,208400.000000000000000,1,0.000000000000000,0.000000000000000,103685.000000000000000,104114.000000000000000,13513.000000000000000,2.000000000000000,198.000000000000000
256,208463.000000000000000,1,0.000000000000000,0.000000000000000,107092.000000000000000,106001.000000000000000,15247.000000000000000,2.000000000000000,323.000000000000000
257,208683.000000000000000,1,0.000000000000000,0.000000000000000,77011.000000000000000,77063.000000000000000,17311.000000000000000,2.000000000000000,148.000000000000000
258,208959.000000000000000,1,0.000000000000000,0.000000000000000,172947.000000000000000,172939.000000000000000,7955.000000000000000,2.000000000000000,231.000000000000000
259,209018.000000000000000,1,0.000000000000000,0.000000000000000,153974.000000000000000,154215.000000000000000,9407.000000000000000,2.000000000000000,60.000000000000000
260,209079.000000000000000,2,0.000000000000000,0.000000000000000,160128.000000000000000,160153.000000000000000,12005.000000000000000,2.000000000000000,40.000000000000000
261,209195.000000000000000,1,0.000000000000000,0.000000000000000,145837.000000000000000,145657.000000000000000,3594.000000000000000,2.000000000000000,346.000000000000000
262,209247.000000000000000,1,0.000000000000000,0.000000000000000,160392.000000000000000,160659.000000000000000,11435.000000000000000,2.000000000000000,46.000000000000000
263,209466.000000000000000,1,0.000000000000000,0.000000000000000,154496.000000000000000,154507.000000000000000,20224.000000000000000,2.000000000000000,301.000000000000000
264,209565.000000000000000,1,0.000000000000000,0.000000000000000,161501.000000000000000,161714.000000000000000,24696.000000000000000,2.000000000000000,285.000000000000000
265,209567.000000000000000,1,0.000000000000000,0.000000000000000,159233.000000000000000,159135.000000000000000,8415.000000000000000,2.000000000000000,270.000000000000000
266,209605.000000000000000,1,0.000000000000000,0.000000000000000,157596.000000000000000,158226.000000000000000,5774.000000000000000,2.000000000000000,360.000000000000000
267,209627.000000000000000,1,0.000000000000000,0.000000000000000,150320.000000000000000,150346.000000000000000,14060.000000000000000,2.000000000000000,187.000000000000000
268,209667.000000000000000,1,0.000000000000000,0.000000000000000,151085.000000000000000,151064.000000000000000,14665.000000000000000,2.000000000000000,318.000000000000000
269,209670.000000000000000,1,0.000000000000000,0.000000000000000,149951.000000000000000,149968.000000000000000,5559.000000000000000,2.000000000000000,326.000000000000000
270,209680.000000000000000,1,0.000000000000000,0.000000000000000,148571.000000000000000,185586.000000000000000,5312.000000000000000,2.000000000000000,305.000000000000000
271,209719.000000000000000,1,0.000000000000000,0.000000000000000,149755.000000000000000,149736.000000000000000,6709.000000000000000,2.000000000000000,269.000000000000000
272,209721.000000000000000,1,0.000000000000000,0.000000000000000,149354.000000000000000,149338.000000000000000,6134.000000000000000,2.000000000000000,337.000000000000000
273,209729.000000000000000,1,0.000000000000000,0.000000000000000,149878.000000000000000,149789.000000000000000,8082.000000000000000,0.000000000000000,260.000000000000000
274,209760.000000000000000,1,0.000000000000000,0.000000000000000,146730.000000000000000,146732.000000000000000,13927.000000000000000,2.000000000000000,332.000000000000000
275,209820.000000000000000,1,0.000000000000000,0.000000000000000,152564.000000000000000,152936.000000000000000,24463.000000000000000,2.000000000000000,291.000000000000000
276,209838.000000000000000,1,0.000000000000000,0.000000000000000,148787.000000000000000,149078.000000000000000,9700.000000000000000,2.000000000000000,354.000000000000000
277,209937.000000000000000,1,0.000000000000000,0.000000000000000,151932.000000000000000,151772.000000000000000,15815.000000000000000,2.000000000000000,286.000000000000000
278,210100.000000000000000,1,0.000000000000000,0.000000000000000,154437.000000000000000,154718.000000000000000,19044.000000000000000,2.000000000000000,368.000000000000000
279,210136.000000000000000,1,0.000000000000000,0.000000000000000,159810.000000000000000,160285.000000000000000,18729.000000000000000,2.000000000000000,345.000000000000000
280,210199.000000000000000,1,0.000000000000000,0.000000000000000,164846.000000000000000,164533.000000000000000,14618.000000000000000,2.000000000000000,342.000000000000000
281,210223.000000000000000,1,0.000000000000000,0.000000000000000,165460.000000000000000,165323.000000000000000,2849.000000000000000,2.000000000000000,63.000000000000000
282,210518.000000000000000,1,0.000000000000000,0.000000000000000,163273.000000000000000,163111.000000000000000,2208.000000000000000,2.000000000000000,339.000000000000000
283,210519.000000000000000,1,0.000000000000000,0.000000000000000,163111.000000000000000,163056.000000000000000,6855.000000000000000,2.000000000000000,261.000000000000000
284,211131.000000000000000,1,0.000000000000000,0.000000000000000,156925.000000000000000,156914.000000000000000,24149.000000000000000,2.000000000000000,278.000000000000000
285,211158.000000000000000,1,0.000000000000000,0.000000000000000,162635.000000000000000,183578.000000000000000,29392.000000000000000,2.000000000000000,294.000000000000000
286,211186.000000000000000,1,0.000000000000000,0.000000000000000,138618.000000000000000,138583.000000000000000,10495.000000000000000,2.000000000000000,282.000000000000000
287,211241.000000000000000,1,0.000000000000000,0.000000000000000,162311.000000000000000,162349.000000000000000,38081.000000000000000,2.000000000000000,300.000000000000000
288,211313.000000000000000,1,0.000000000000000,0.000000000000000,131111.000000000000000,131189.000000000000000,3762.000000000000000,2.000000000000000,287.000000000000000
289,213179.000000000000000,1,194915.000000000000000,194916.000000000000000,29445.000000000000000,29644.000000000000000,19170.000000000000000,2.000000000000000,153.000000000000000
290,214506.000000000000000,1,0.000000000000000,0.000000000000000,8357.000000000000000,8359.000000000000000,1917.000000000000000,2.000000000000000,327.000000000000000
291,215164.000000000000000,1,194923.000000000000000,195373.000000000000000,27330.000000000000000,27636.000000000000000,26975.000000000000000,2.000000000000000,315.000000000000000
292,215236.000000000000000,1,0.000000000000000,0.000000000000000,36791.000000000000000,36668.000000000000000,34985.000000000000000,2.000000000000000,310.000000000000000
293,215431.000000000000000,1,0.000000000000000,0.000000000000000,95147.000000000000000,95838.000000000000000,16679.000000000000000,2.000000000000000,299.000000000000000
294,215461.000000000000000,1,0.000000000000000,0.000000000000000,114344.000000000000000,115243.000000000000000,20002.000000000000000,2.000000000000000,122.000000000000000
295,215507.000000000000000,1,0.000000000000000,0.000000000000000,96075.000000000000000,96264.000000000000000,18514.000000000000000,2.000000000000000,156.000000000000000
296,215602.000000000000000,1,0.000000000000000,0.000000000000000,58099.000000000000000,58205.000000000000000,19445.000000000000000,2.000000000000000,157.000000000000000
297,215691.000000000000000,1,0.000000000000000,0.000000000000000,70699.000000000000000,70981.000000000000000,2012.000000000000000,2.000000000000000,271.000000000000000
298,215738.000000000000000,1,0.000000000000000,0.000000000000000,74375.000000000000000,74199.000000000000000,6539.000000000000000,0.000000000000000,16.000000000000000
299,215763.000000000000000,1,0.000000000000000,0.000000000000000,75493.000000000000000,75423.000000000000000,9062.000000000000000,2.000000000000000,152.000000000000000
300,215783.000000000000000,1,0.000000000000000,0.000000000000000,77236.000000000000000,77400.000000000000000,22428.000000000000000,2.000000000000000,106.000000000000000
301,215832.000000000000000,1,0.000000000000000,0.000000000000000,81390.000000000000000,81659.000000000000000,15142.000000000000000,2.000000000000000,138.000000000000000
302,215834.000000000000000,1,0.000000000000000,0.000000000000000,81421.000000000000000,81750.000000000000000,29386.000000000000000,2.000000000000000,252.000000000000000
303,215836.000000000000000,1,0.000000000000000,0.000000000000000,81801.000000000000000,81808.000000000000000,34791.000000000000000,0.000000000000000,28.000000000000000
304,215842.000000000000000,1,0.000000000000000,0.000000000000000,81659.000000000000000,81893.000000000000000,12754.000000000000000,2.000000000000000,141.000000000000000
305,215855.000000000000000,1,0.000000000000000,0.000000000000000,184577.000000000000000,83261.000000000000000,4932.000000000000000,2.000000000000000,207.000000000000000
306,215859.000000000000000,1,0.000000000000000,0.000000000000000,83205.000000000000000,83379.000000000000000,4265.000000000000000,2.000000000000000,143.000000000000000
307,215862.000000000000000,1,0.000000000000000,0.000000000000000,83624.000000000000000,83789.000000000000000,15412.000000000000000,2.000000000000000,39.000000000000000
308,215865.000000000000000,2,0.000000000000000,0.000000000000000,83789.000000000000000,83970.000000000000000,13096.500000000000000,2.000000000000000,203.000000000000000
309,215888.000000000000000,1,0.000000000000000,0.000000000000000,84942.000000000000000,84819.000000000000000,12268.000000000000000,2.000000000000000,66.000000000000000
310,215933.000000000000000,1,0.000000000000000,0.000000000000000,87812.000000000000000,87618.000000000000000,18953.000000000000000,2.000000000000000,221.000000000000000
311,216109.000000000000000,1,0.000000000000000,0.000000000000000,102028.000000000000000,102282.000000000000000,38583.000000000000000,2.000000000000000,20.000000000000000
312,216126.000000000000000,1,0.000000000000000,0.000000000000000,184949.000000000000000,104070.000000000000000,15488.000000000000000,2.000000000000000,253.000000000000000
313,216127.000000000000000,1,0.000000000000000,0.000000000000000,104404.000000000000000,104070.000000000000000,31856.000000000000000,2.000000000000000,216.000000000000000
314,216132.000000000000000,1,0.000000000000000,0.000000000000000,104848.000000000000000,104671.000000000000000,31856.000000000000000,2.000000000000000,150.000000000000000
315,216133.000000000000000,1,0.000000000000000,0.000000000000000,105360.000000000000000,104848.000000000000000,5171.000000000000000,2.000000000000000,111.000000000000000
316,216137.000000000000000,3,0.000000000000000,0.000000000000000,106061.000000000000000,105360.000000000000000,5672.000000000000000,2.000000000000000,7.000000000000000
317,216152.000000000000000,1,0.000000000000000,0.000000000000000,107290.000000000000000,107083.000000000000000,13101.000000000000000,2.000000000000000,184.000000000000000
318,216154.000000000000000,1,0.000000000000000,0.000000000000000,107502.000000000000000,107043.000000000000000,28302.000000000000000,2.000000000000000,319.000000000000000
319,216232.000000000000000,1,0.000000000000000,0.000000000000000,111475.000000000000000,111463.000000000000000,35885.000000000000000,2.000000000000000,80.000000000000000
320,216381.000000000000000,1,0.000000000000000,0.000000000000000,125815.000000000000000,125834.000000000000000,21853.000000000000000,2.000000000000000,131.000000000000000
321,216624.000000000000000,1,0.000000000000000,0.000000000000000,71888.000000000000000,72263.000000000000000,18404.000000000000000,2.000000000000000,56.000000000000000
322,216625.000000000000000,1,0.000000000000000,0.000000000000000,71676.000000000000000,71888.000000000000000,16157.000000000000000,2.000000000000000,36.000000000000000
323,216810.000000000000000,1,0.000000000000000,0.000000000000000,151422.000000000000000,151342.000000000000000,11917.000000000000000,2.000000000000000,330.000000000000000
324,216853.000000000000000,1,0.000000000000000,0.000000000000000,148181.000000000000000,148756.000000000000000,17372.000000000000000,2.000000000000000,347.000000000000000
325,216880.000000000000000,1,0.000000000000000,0.000000000000000,148194.000000000000000,148671.000000000000000,15846.000000000000000,2.000000000000000,351.000000000000000
326,216905.000000000000000,1,0.000000000000000,0.000000000000000,163428.000000000000000,163555.000000000000000,1967.000000000000000,2.000000000000000,336.000000000000000
327,216966.000000000000000,1,0.000000000000000,0.000000000000000,164242.000000000000000,163428.000000000000000,2176.000000000000000,2.000000000000000,280.000000000000000
328,216990.000000000000000,1,0.000000000000000,0.000000000000000,166941.000000000000000,166891.000000000000000,21790.000000000000000,2.000000000000000,335.000000000000000
329,216995.000000000000000,1,0.000000000000000,0.000000000000000,166585.000000000000000,166224.000000000000000,19734.000000000000000,2.000000000000000,289.000000000000000
330,217014.000000000000000,1,0.000000000000000,0.000000000000000,152070.000000000000000,152005.000000000000000,12077.000000000000000,2.000000000000000,306.000000000000000
331,217064.000000000000000,1,0.000000000000000,0.000000000000000,160056.000000000000000,159336.000000000000000,20177.000000000000000,2.000000000000000,356.000000000000000
332,217747.000000000000000,1,0.000000000000000,0.000000000000000,37450.000000000000000,37440.000000000000000,18019.000000000000000,2.000000000000000,304.000000000000000
333,218116.000000000000000,1,0.000000000000000,0.000000000000000,26984.000000000000000,26877.000000000000000,25406.000000000000000,2.000000000000000,265.000000000000000
334,218164.000000000000000,1,0.000000000000000,0.000000000000000,31338.000000000000000,185438.000000000000000,36834.000000000000000,2.000000000000000,224.000000000000000
335,218169.000000000000000,1,0.000000000000000,0.000000000000000,31333.000000000000000,31326.000000000000000,37170.000000000000000,2.000000000000000,54.000000000000000
336,218186.000000000000000,1,0.000000000000000,0.000000000000000,13359.000000000000000,13355.000000000000000,16253.000000000000000,2.000000000000000,90.000000000000000
337,218328.000000000000000,1,0.000000000000000,0.000000000000000,141189.000000000000000,141055.000000000000000,7318.000000000000000,2.000000000000000,45.000000000000000
338,218371.000000000000000,1,0.000000000000000,0.000000000000000,118146.000000000000000,118126.000000000000000,37856.000000000000000,2.000000000000000,75.000000000000000
339,219170.000000000000000,1,0.000000000000000,0.000000000000000,166800.000000000000000,166537.000000000000000,18954.000000000000000,2.000000000000000,91.000000000000000
340,219583.000000000000000,1,0.000000000000000,0.000000000000000,99332.000000000000000,99631.000000000000000,9876.000000000000000,2.000000000000000,189.000000000000000
341,219980.000000000000000,1,0.000000000000000,0.000000000000000,151166.000000000000000,150507.000000000000000,15718.000000000000000,2.000000000000000,126.000000000000000
342,220221.000000000000000,1,0.000000000000000,0.000000000000000,116312.000000000000000,115473.000000000000000,21003.000000000000000,2.000000000000000,23.000000000000000
343,221207.000000000000000,1,0.000000000000000,0.000000000000000,183925.000000000000000,80279.000000000000000,49842.000000000000000,2.000000000000000,58.000000000000000
344,222988.000000000000000,1,0.000000000000000,0.000000000000000,185460.000000000000000,56767.000000000000000,12132.000000000000000,2.000000000000000,273.000000000000000
345,223515.000000000000000,1,0.000000000000000,0.000000000000000,88940.000000000000000,186442.000000000000000,20354.000000000000000,2.000000000000000,55.000000000000000
346,225033.000000000000000,2,0.000000000000000,0.000000000000000,198152.000000000000000,198147.000000000000000,5343.000000000000000,2.000000000000000,69.000000000000000
347,225731.000000000000000,1,0.000000000000000,0.000000000000000,138414.000000000000000,140780.000000000000000,15670.000000000000000,2.000000000000000,206.000000000000000
348,247110.000000000000000,2,0.000000000000000,0.000000000000000,65473.000000000000000,65815.000000000000000,18103.000000000000000,2.000000000000000,97.000000000000000
349,247135.000000000000000,1,0.000000000000000,0.000000000000000,153974.000000000000000,198168.000000000000000,9407.000000000000000,2.000000000000000,29.000000000000000
350,247907.000000000000000,3,0.000000000000000,0.000000000000000,151155.000000000000000,152154.000000000000000,15579.666666666666000,2.000000000000000,175.000000000000000